student_name,roll_number,branch,semester,attendance_pct,internal_marks,assignment_score,quiz_score,study_hours_per_week,previous_cgpa,activity_participation,final_percentage,pass_fail,grade
Jyoti Khanna,CE20240001,CE,4,96.5,5.8,100.0,18.1,24.9,7.18,Medium,58.95,1,C
Shruti Malhotra,EE20240002,EE,7,48.4,37.4,55.9,37.1,14.5,8.28,Low,55.83,1,C
Ritu Reddy,ME20240003,ME,8,17.6,19.9,55.0,0.0,20.1,7.94,Medium,39.92,0,F
Ankit Chauhan,EE20240004,EE,3,75.3,24.2,64.6,55.0,25.8,7.08,Low,64.04,1,C
Shruti Thakur,EE20240005,EE,2,100.0,18.6,85.6,32.9,16.0,4.17,None,57.88,1,C
Aditya Das,ECE20240006,ECE,1,94.3,24.9,28.9,59.3,12.0,10.0,Low,55.65,1,C
Harsh Bhatia,ME20240007,ME,6,75.8,47.2,18.8,22.2,0.4,3.67,Medium,45.29,1,D
Divya Chopra,ME20240008,ME,5,63.2,37.6,49.1,59.8,13.3,7.91,Medium,69.88,1,B
Rajat Mishra,ME20240009,ME,5,86.5,38.3,26.1,48.9,20.6,6.98,None,61.79,1,C
Harsh Chauhan,EE20240010,EE,1,54.5,11.0,52.7,91.0,21.6,4.09,None,52.41,1,C
Suresh Rajput,CE20240011,CE,6,80.6,14.2,73.1,89.0,18.0,5.98,Medium,57.04,1,C
Megha Singh,ME20240012,ME,1,81.1,0.0,42.4,75.3,9.7,6.06,High,41.02,1,D
Tushar Reddy,EE20240013,EE,2,91.1,18.3,30.6,50.8,0.0,8.55,Low,48.69,1,D
Rashmi Malhotra,ECE20240014,ECE,8,100.0,39.5,63.5,100.0,10.0,4.92,Medium,74.54,1,B
Shruti Pandey,CE20240015,CE,3,79.1,34.2,81.0,23.8,11.6,5.73,None,56.81,1,C
Nisha Mishra,ECE20240016,ECE,7,62.8,25.3,24.7,27.1,11.5,2.0,Low,45.82,1,D
Tanvi Rajput,CE20240017,CE,5,71.5,27.7,80.0,56.2,18.9,9.32,None,68.18,1,B
Komal Das,EE20240018,EE,2,40.2,19.7,80.0,100.0,29.9,4.27,Medium,69.51,1,B
Nikhil Thakur,CSE20240019,CSE,3,59.5,30.5,83.0,53.5,15.0,6.79,Low,64.08,1,C
Ankit Malhotra,CE20240020,CE,2,64.6,37.2,88.8,54.0,12.3,6.02,High,55.98,1,C
Nikhil Dubey,ECE20240021,ECE,6,62.6,8.6,100.0,26.3,11.9,6.02,Medium,54.55,1,C
Simran Dubey,EE20240022,EE,5,74.7,31.6,54.2,78.8,15.0,7.66,High,61.38,1,C
Deepak Das,CE20240023,CE,7,57.2,39.2,64.4,79.0,7.4,9.21,Low,69.87,1,B
Harsh Jain,CSE20240024,CSE,1,92.2,23.0,52.8,75.4,15.0,6.65,None,59.02,1,C
Vikram Chopra,CSE20240025,CSE,1,72.0,36.4,62.0,44.2,17.6,7.38,High,77.71,1,B
Megha Reddy,ME20240026,ME,3,71.8,50.0,95.7,42.5,15.7,6.79,Medium,82.9,1,A
Shruti Joshi,ME20240027,ME,7,66.1,26.7,32.4,29.6,17.7,8.03,High,51.63,1,C
Ankit Patel,ECE20240028,ECE,8,74.8,32.7,43.1,59.8,17.5,5.37,None,58.54,1,C
Nisha Singh,CE20240029,CE,4,86.9,19.1,92.3,34.2,0.0,8.14,Low,59.84,1,C
Amit Gupta,CE20240030,CE,6,56.4,30.2,84.4,32.1,19.1,8.2,Medium,66.75,1,B
Megha Saxena,ME20240031,ME,3,60.2,33.5,54.0,48.7,8.6,8.15,None,58.72,1,C
Bhavna Pillai,CE20240032,CE,4,66.5,30.3,80.8,47.2,5.2,5.01,Medium,52.84,1,C
Ritu Patel,CE20240033,CE,2,47.8,15.8,69.5,46.2,5.2,5.9,Low,41.88,1,D
Nikhil Singh,CSE20240034,CSE,6,57.3,30.5,95.0,68.3,17.5,6.63,None,65.5,1,B
Varun Singh,ME20240035,ME,2,63.4,45.5,63.6,59.7,12.2,3.73,Low,69.24,1,B
Ishita Reddy,EE20240036,EE,8,87.7,33.4,84.6,51.7,0.5,9.07,Low,71.05,1,B
Manish Thakur,ME20240037,ME,7,76.7,39.5,100.0,62.0,17.8,6.18,None,69.24,1,B
Anjali Mishra,EE20240038,EE,5,75.5,25.2,75.2,36.2,2.5,6.71,Medium,59.84,1,C
Anjali Patel,CSE20240039,CSE,6,87.3,37.0,63.1,60.3,15.1,5.16,Low,64.55,1,C
Divya Chauhan,ECE20240040,ECE,4,69.5,31.4,77.9,61.3,15.9,3.81,Low,65.12,1,B
Kavita Jain,CE20240041,CE,8,79.0,16.6,54.0,24.9,21.1,5.11,High,64.51,1,C
Rahul Gupta,CSE20240042,CSE,5,70.1,31.8,100.0,79.9,28.3,6.59,Low,72.57,1,B
Varun Pandey,CE20240043,CE,1,76.8,16.1,66.0,38.6,3.1,7.41,Low,55.5,1,C
Vivek Pillai,ECE20240044,ECE,4,61.5,20.4,56.0,60.0,13.6,6.49,Medium,50.81,1,C
Vivek Malhotra,ECE20240045,ECE,3,28.1,30.3,43.6,83.6,11.8,6.82,High,55.47,1,C
Sakshi Iyer,CSE20240046,CSE,1,69.6,31.6,86.1,78.4,17.5,5.59,None,67.3,1,B
Priya Bhatia,ECE20240047,ECE,8,97.6,13.7,81.1,58.8,15.7,7.09,Low,61.45,1,C
Rohan Singh,EE20240048,EE,1,88.7,40.6,51.1,50.0,11.2,8.87,Medium,83.13,1,A
Ankita Verma,ECE20240049,ECE,3,89.4,34.9,74.7,78.8,10.5,7.47,Low,71.15,1,B
Rohan Agarwal,CE20240050,CE,6,94.3,19.5,28.8,72.8,5.1,7.66,Medium,61.05,1,C
Shruti Mishra,CE20240051,CE,1,73.6,9.5,66.1,44.4,21.9,6.73,High,44.96,1,D
Akash Pillai,CE20240052,CE,7,75.6,26.3,72.0,40.5,17.7,3.49,High,59.96,1,C
Siddharth Kumar,CE20240053,CE,4,60.9,22.6,99.6,12.4,21.3,4.32,Low,58.3,1,C
Karan Jain,EE20240054,EE,5,66.3,29.4,45.0,61.4,11.5,7.02,Low,55.19,1,C
Preeti Kapoor,ME20240055,ME,1,83.1,23.6,33.9,56.2,8.7,6.18,High,43.83,1,D
Arjun Yadav,CSE20240056,CSE,4,93.7,3.9,42.3,83.0,5.4,6.99,Low,51.63,1,C
Varun Pandey,CE20240057,CE,2,69.5,23.3,32.6,65.9,16.9,9.22,Low,58.97,1,C
Swati Rajput,ECE20240058,ECE,4,63.9,24.3,91.4,87.4,5.7,7.51,Medium,69.56,1,B
Arjun Thakur,CE20240059,CE,5,72.0,35.6,96.1,42.7,28.8,8.47,Low,83.48,1,A
Shruti Verma,ECE20240060,ECE,4,82.8,19.6,69.0,83.0,3.5,6.37,Low,58.19,1,C
Megha Patel,ECE20240061,ECE,3,46.0,48.1,88.9,46.4,16.2,4.75,High,63.44,1,C
Ankita Das,CE20240062,CE,8,30.7,5.1,64.9,75.1,26.5,6.1,None,39.63,0,F
Ankita Reddy,EE20240063,EE,5,62.1,43.7,59.9,25.9,18.8,4.75,None,59.96,1,C
Arjun Das,ECE20240064,ECE,8,50.0,25.3,54.7,63.2,15.4,9.0,Low,60.58,1,C
Rajat Agarwal,ECE20240065,ECE,6,62.9,38.3,55.2,14.3,6.3,7.62,Medium,53.93,1,C
Aarti Chopra,CE20240066,CE,8,69.3,29.0,27.9,52.1,2.9,7.14,None,55.69,1,C
Tushar Tiwari,ECE20240067,ECE,2,63.8,41.7,67.8,67.7,20.2,8.42,Low,74.44,1,B
Kavita Nair,ECE20240068,ECE,3,98.1,23.4,61.1,46.5,26.0,2.56,Medium,59.52,1,C
Sakshi Tiwari,CE20240069,CE,6,77.9,14.8,78.4,34.9,10.5,7.26,High,51.98,1,C
Nisha Verma,CE20240070,CE,4,77.4,45.0,64.1,76.6,4.9,3.84,Low,64.16,1,C
Ankita Singh,CSE20240071,CSE,5,83.2,26.6,58.4,55.7,0.0,6.19,High,47.19,1,D
Nisha Malhotra,EE20240072,EE,2,51.5,30.7,42.8,47.2,6.2,5.64,Low,50.84,1,C
Aman Chauhan,EE20240073,EE,3,90.7,42.8,63.6,58.9,13.1,7.39,Medium,73.91,1,B
Manish Chopra,ECE20240074,ECE,6,70.6,15.6,78.2,100.0,26.8,6.61,Low,66.71,1,B
Anjali Joshi,EE20240075,EE,6,84.1,35.1,36.8,83.4,19.4,8.62,None,72.7,1,B
Arjun Gupta,ECE20240076,ECE,2,52.7,20.9,63.9,83.6,16.4,5.12,Medium,58.32,1,C
Divya Sharma,CSE20240077,CSE,7,44.0,26.4,67.1,67.6,10.8,7.48,Low,56.07,1,C
Manish Patel,CE20240078,CE,4,86.7,28.9,46.2,61.7,9.3,6.49,None,60.28,1,C
Sakshi Srivastava,CE20240079,CE,2,78.8,10.0,49.1,5.3,25.2,3.26,Low,33.59,0,F
Harsh Kapoor,CE20240080,CE,6,55.8,18.7,67.1,43.1,15.6,4.55,Medium,46.35,1,D
Ankita Khanna,EE20240081,EE,1,56.3,44.2,37.1,47.4,0.0,5.93,Low,55.68,1,C
Manish Dubey,CSE20240082,CSE,3,92.3,38.6,69.7,16.8,8.6,8.2,None,61.51,1,C
Jyoti Mehta,EE20240083,EE,2,50.6,27.2,42.3,32.5,7.1,7.03,None,51.56,1,C
Sneha Reddy,EE20240084,EE,7,100.0,30.9,85.4,14.4,9.6,4.1,Low,56.18,1,C
Pankaj Mishra,CSE20240085,CSE,6,55.8,24.5,100.0,57.2,18.5,5.95,Low,62.12,1,C
Aarti Mehta,CSE20240086,CSE,4,83.5,44.3,43.1,76.0,13.1,9.83,Low,75.82,1,B
Arjun Yadav,CSE20240087,CSE,8,66.1,25.6,73.8,82.3,13.4,6.4,None,66.12,1,B
Pooja Tiwari,CSE20240088,CSE,6,82.9,30.8,46.0,67.1,24.5,5.61,Low,68.49,1,B
Simran Mehta,CE20240089,CE,4,62.2,41.8,84.9,36.8,8.4,7.09,Medium,69.3,1,B
Mohit Pillai,ME20240090,ME,2,69.1,18.7,34.2,15.5,28.9,7.57,Medium,40.17,1,D
Nisha Iyer,ME20240091,ME,4,72.7,46.7,72.6,19.3,8.6,5.38,High,70.87,1,B
Sonal Gupta,CSE20240092,CSE,5,54.0,9.6,42.8,30.1,14.7,7.1,None,48.5,1,D
Aarti Nair,ME20240093,ME,5,85.3,47.6,57.4,38.4,11.8,5.61,High,67.18,1,B
Varun Dubey,ME20240094,ME,5,62.8,23.5,39.3,54.5,15.0,7.49,Low,55.05,1,C
Rahul Pandey,CSE20240095,CSE,7,67.9,25.1,80.1,35.7,17.6,6.51,High,56.21,1,C
Ishita Dubey,ME20240096,ME,7,54.1,5.3,43.6,65.5,17.5,7.07,Low,35.57,0,F
Kunal Malhotra,EE20240097,EE,1,25.9,22.5,74.1,52.9,8.0,4.83,Low,41.53,1,D
Sakshi Jain,ECE20240098,ECE,7,68.6,15.5,54.4,58.2,5.0,4.72,Low,44.49,1,D
Varun Srivastava,ECE20240099,ECE,8,100.0,20.7,59.5,83.1,34.0,7.9,Low,70.82,1,B
Tushar Mehta,CSE20240100,CSE,2,86.1,26.4,65.3,32.0,10.1,6.06,High,54.84,1,C
Siddharth Kumar,CE20240101,CE,6,71.7,39.5,45.2,67.2,19.6,6.71,Medium,63.75,1,C
Neha Khanna,CSE20240102,CSE,6,67.3,30.5,66.6,57.7,1.1,5.65,High,59.05,1,C
Rahul Pillai,CE20240103,CE,1,72.4,31.7,95.7,50.7,11.8,7.82,Medium,64.62,1,C
Rajat Chauhan,ECE20240104,ECE,7,81.8,14.9,44.9,77.5,13.0,5.11,Low,56.3,1,C
Akash Gupta,CSE20240105,CSE,8,50.7,17.4,87.8,77.3,17.8,5.96,None,60.4,1,C
Jyoti Joshi,EE20240106,EE,4,92.1,49.6,95.0,37.2,0.0,7.61,High,89.37,1,A
Sonal Chopra,ME20240107,ME,1,84.9,19.2,44.0,54.0,15.3,8.31,Medium,64.7,1,C
Kavita Sharma,CE20240108,CE,8,84.9,47.9,30.0,64.2,4.8,5.26,Medium,66.87,1,B
Ishita Kapoor,ME20240109,ME,4,79.9,25.1,68.6,52.0,16.6,9.73,Low,62.76,1,C
Nisha Kapoor,ME20240110,ME,8,72.4,28.0,50.0,70.9,5.7,6.76,Medium,61.15,1,C
Jyoti Khanna,CSE20240111,CSE,4,84.1,40.8,100.0,64.2,7.2,4.32,High,74.76,1,B
Rohan Patel,ME20240112,ME,3,82.7,43.3,62.8,98.3,11.8,6.86,None,73.03,1,B
Megha Mehta,EE20240113,EE,8,65.6,26.7,44.4,24.3,5.6,5.51,Low,50.86,1,C
Sonal Malhotra,ME20240114,ME,6,61.7,23.3,36.8,55.3,10.2,6.98,None,43.83,1,D
Jyoti Agarwal,CSE20240115,CSE,5,73.8,27.3,86.0,38.0,4.5,6.12,Medium,57.59,1,C
Shruti Agarwal,EE20240116,EE,7,99.9,32.1,49.4,71.3,0.0,6.33,None,66.41,1,B
Rajat Joshi,ECE20240117,ECE,4,49.7,38.7,63.0,22.4,22.1,4.56,None,53.03,1,C
Vikram Agarwal,ME20240118,ME,3,45.6,28.1,83.0,65.6,3.6,7.98,Low,57.8,1,C
Tushar Rajput,CSE20240119,CSE,8,75.0,35.4,51.3,44.1,12.6,4.12,Medium,57.15,1,C
Pankaj Kumar,ECE20240120,ECE,6,72.9,47.7,61.0,41.8,20.0,4.2,Low,61.47,1,C
Ritu Srivastava,ECE20240121,ECE,5,75.1,32.6,61.6,26.2,9.1,6.86,None,62.92,1,C
Bhavna Nair,CE20240122,CE,4,76.4,31.7,77.0,47.8,7.4,9.09,High,63.24,1,C
Rohan Mehta,EE20240123,EE,8,68.0,9.8,75.0,81.9,15.8,5.57,High,58.93,1,C
Ankit Jain,ME20240124,ME,8,98.8,0.0,57.2,57.4,22.9,7.46,Low,56.43,1,C
Kunal Saxena,CSE20240125,CSE,4,43.2,32.7,63.4,71.8,4.6,8.13,Medium,55.37,1,C
Vivek Pillai,CE20240126,CE,1,57.1,26.9,53.8,94.6,12.8,7.67,Medium,63.7,1,C
Siddharth Chauhan,EE20240127,EE,1,70.1,21.8,29.5,63.8,0.1,5.64,Low,43.35,1,D
Nisha Chauhan,CE20240128,CE,6,42.4,30.9,67.7,45.7,10.9,4.24,Low,57.48,1,C
Pooja Nair,EE20240129,EE,5,68.8,27.3,100.0,68.3,14.3,2.23,Low,54.38,1,C
Gaurav Srivastava,EE20240130,EE,4,100.0,41.5,42.6,46.0,7.2,5.73,Low,61.67,1,C
Ishita Reddy,ME20240131,ME,6,72.4,29.0,45.0,46.9,10.3,8.32,Low,52.2,1,C
Aditya Pillai,EE20240132,EE,6,76.2,19.0,42.8,24.6,2.7,4.18,High,38.01,0,F
Simran Chopra,CE20240133,CE,2,49.3,39.9,77.9,78.4,14.6,7.46,Low,76.55,1,B
Pankaj Saxena,EE20240134,EE,8,60.9,25.4,71.9,49.5,22.4,4.49,Medium,59.64,1,C
Kavita Das,ME20240135,ME,7,65.2,34.3,58.5,62.0,5.2,6.39,None,59.85,1,C
Ishita Chopra,ME20240136,ME,8,66.3,22.3,41.8,35.2,9.0,7.47,Medium,47.63,1,D
Gaurav Dubey,CE20240137,CE,1,95.1,20.2,64.0,67.6,18.0,5.01,Low,65.91,1,B
Nisha Mishra,ECE20240138,ECE,5,82.0,29.0,27.6,41.2,23.7,6.51,Medium,54.29,1,C
Suresh Sharma,ECE20240139,ECE,8,52.0,28.2,65.2,54.9,2.1,5.45,Medium,56.68,1,C
Arjun Nair,EE20240140,EE,4,76.4,33.8,81.2,77.3,12.6,7.47,Medium,67.45,1,B
Kunal Mehta,CSE20240141,CSE,6,81.0,24.8,34.5,75.4,16.3,6.62,Low,56.37,1,C
Ankit Pillai,EE20240142,EE,4,92.5,6.0,28.3,57.5,13.2,6.3,Medium,52.41,1,C
Karan Pandey,CE20240143,CE,2,100.0,22.8,96.7,19.1,0.0,9.01,High,69.6,1,B
Simran Tiwari,CE20240144,CE,5,53.7,37.5,48.5,100.0,18.0,7.39,Medium,71.84,1,B
Megha Iyer,CE20240145,CE,6,57.4,24.4,87.0,96.4,26.2,4.96,None,59.93,1,C
Ankit Gupta,CE20240146,CE,4,49.4,25.0,58.6,73.9,14.9,6.05,Medium,54.32,1,C
Sakshi Pandey,CE20240147,CE,1,67.8,39.8,58.4,41.4,5.8,6.06,None,59.75,1,C
Gaurav Srivastava,ME20240148,ME,7,80.4,19.5,71.6,55.5,9.9,6.34,High,55.63,1,C
Simran Das,ECE20240149,ECE,2,89.8,9.5,42.6,46.0,28.2,10.0,Medium,66.4,1,B
Gaurav Srivastava,CE20240150,CE,5,70.6,26.1,64.9,85.8,21.3,6.87,Low,53.9,1,C
Shruti Thakur,CSE20240151,CSE,2,66.2,22.2,53.6,63.8,19.1,2.54,None,46.64,1,D
Harsh Agarwal,CSE20240152,CSE,1,74.7,16.4,32.9,40.7,16.9,5.22,Low,44.19,1,D
Amit Chopra,CSE20240153,CSE,5,57.0,25.9,69.4,47.6,8.7,2.72,High,36.94,0,F
Sneha Chauhan,CSE20240154,CSE,2,100.0,33.9,56.2,82.7,12.4,5.61,None,62.32,1,C
Rahul Rajput,ME20240155,ME,3,43.1,27.9,58.5,93.2,13.4,2.62,Low,56.23,1,C
Pankaj Das,CSE20240156,CSE,1,75.3,31.7,35.4,91.6,18.4,4.63,High,64.66,1,C
Amit Saxena,CE20240157,CE,1,100.0,49.8,97.0,74.7,26.1,3.46,Low,90.74,1,A
Rohan Joshi,EE20240158,EE,1,72.1,23.9,81.3,52.4,22.9,6.89,Low,70.71,1,B
Megha Chauhan,CSE20240159,CSE,3,68.6,31.3,83.2,0.0,2.6,6.2,Medium,55.47,1,C
Rajat Tiwari,ME20240160,ME,3,65.6,21.9,55.3,64.5,15.8,6.75,Low,58.18,1,C
Karan Chauhan,ME20240161,ME,4,68.8,17.8,24.0,58.0,19.9,6.01,None,49.28,1,D
Tushar Iyer,CSE20240162,CSE,6,96.7,21.0,100.0,61.1,19.0,3.69,None,51.01,1,C
Akash Kapoor,EE20240163,EE,7,32.2,22.3,60.7,59.2,9.0,7.12,Medium,43.03,1,D
Bhavna Malhotra,CSE20240164,CSE,2,99.6,32.3,45.5,28.8,37.3,9.66,High,74.53,1,B
Nikhil Mehta,ME20240165,ME,4,46.4,50.0,71.2,70.3,3.8,6.94,None,69.95,1,B
Amit Nair,ECE20240166,ECE,2,67.2,19.4,87.7,71.9,5.3,5.43,Low,58.5,1,C
Kavita Bhatia,CE20240167,CE,7,64.3,23.0,61.5,73.0,15.9,3.63,Low,49.99,1,D
Sonal Bhatia,ME20240168,ME,6,82.6,27.2,90.1,78.8,30.9,4.57,High,77.72,1,B
Sonal Patel,CSE20240169,CSE,3,43.2,32.7,85.8,71.3,7.3,7.02,Low,68.82,1,B
Ishita Patel,CE20240170,CE,6,80.3,31.2,38.3,49.0,11.9,8.13,High,67.61,1,B
Priya Gupta,CSE20240171,CSE,3,100.0,43.4,47.2,56.4,22.6,6.67,None,77.84,1,B
Sakshi Agarwal,CSE20240172,CSE,7,47.5,0.0,83.1,60.0,13.9,7.64,High,46.1,1,D
Sonal Saxena,ECE20240173,ECE,6,75.4,0.0,2.3,60.4,11.3,7.47,Medium,45.39,1,D
Vivek Verma,CE20240174,CE,4,60.1,22.0,58.7,80.0,18.5,7.11,Medium,61.34,1,C
Komal Pandey,CE20240175,CE,5,79.7,41.2,30.5,72.2,16.2,5.01,Low,66.57,1,B
Akash Patel,ECE20240176,ECE,4,72.3,9.2,51.5,100.0,22.2,6.51,Medium,60.43,1,C
Vivek Khanna,ME20240177,ME,2,60.5,0.0,55.4,100.0,24.3,4.67,None,47.88,1,D
Varun Malhotra,CSE20240178,CSE,4,80.8,34.9,54.1,59.8,16.5,6.23,None,59.86,1,C
Nisha Verma,EE20240179,EE,7,100.0,30.9,49.9,0.0,16.3,6.8,Low,57.3,1,C
Sakshi Das,CSE20240180,CSE,1,68.6,14.9,37.9,85.2,15.7,9.22,High,65.32,1,B
Komal Jain,CSE20240181,CSE,2,85.0,16.2,100.0,46.1,17.9,3.84,Medium,56.54,1,C
Karan Yadav,ME20240182,ME,6,48.7,16.4,100.0,40.4,14.4,7.07,Medium,59.17,1,C
Deepak Chopra,CSE20240183,CSE,2,54.8,29.3,36.4,49.2,14.0,8.87,Medium,60.44,1,C
Nikhil Mehta,ECE20240184,ECE,5,80.5,20.5,96.8,48.2,23.6,7.57,None,63.86,1,C
Rajat Gupta,ECE20240185,ECE,3,98.7,33.9,53.2,71.5,26.1,7.7,High,83.41,1,A
Vivek Kapoor,CE20240186,CE,6,78.4,0.0,64.8,23.7,1.9,7.26,Medium,40.04,1,D
Rahul Sharma,EE20240187,EE,8,66.4,17.7,60.6,34.3,14.1,8.54,Medium,61.75,1,C
Akash Patel,CSE20240188,CSE,2,72.0,14.5,47.5,65.5,8.5,4.24,Low,49.76,1,D
Mohit Joshi,CSE20240189,CSE,6,49.5,24.9,83.6,71.7,11.5,3.71,High,57.01,1,C
Rahul Dubey,ME20240190,ME,6,82.9,21.5,64.8,72.1,17.2,6.19,High,60.01,1,C
Pankaj Saxena,ECE20240191,ECE,6,87.9,37.6,51.5,40.7,19.4,2.31,Medium,59.58,1,C
Kunal Sharma,EE20240192,EE,3,63.9,5.7,33.3,36.5,13.1,8.42,Low,41.49,1,D
Sakshi Agarwal,CE20240193,CE,8,63.5,28.5,42.3,46.9,0.0,8.4,Medium,48.14,1,D
Suresh Singh,ECE20240194,ECE,7,76.8,34.7,25.9,63.3,6.3,5.42,Medium,56.21,1,C
Ritu Chopra,CE20240195,CE,4,64.1,50.0,62.3,90.7,21.2,5.53,Low,70.85,1,B
Ankita Patel,ME20240196,ME,6,70.8,22.2,35.7,13.0,0.0,6.07,Low,45.1,1,D
Deepak Khanna,ME20240197,ME,1,100.0,31.9,56.2,53.1,23.5,6.29,Low,74.69,1,B
Sakshi Das,CSE20240198,CSE,7,67.6,6.4,92.1,28.7,18.2,6.43,Medium,44.4,1,D
Nisha Dubey,EE20240199,EE,5,65.5,0.0,88.4,21.7,24.5,7.2,Low,55.6,1,C
Sonal Nair,CE20240200,CE,3,60.3,38.1,61.3,79.3,12.4,5.89,Low,63.99,1,C
Karan Dubey,ECE20240201,ECE,2,85.4,27.9,60.1,70.0,0.0,7.9,Medium,59.02,1,C
Manish Dubey,ME20240202,ME,3,68.7,42.1,100.0,67.9,17.4,7.0,Medium,80.11,1,A
Tanvi Chopra,CSE20240203,CSE,2,60.3,11.5,73.5,78.3,24.2,5.11,None,52.06,1,C
Aman Reddy,CSE20240204,CSE,3,95.8,34.2,54.8,47.4,21.4,8.6,Low,69.93,1,B
Tanvi Jain,CE20240205,CE,2,97.6,50.0,30.6,48.5,8.7,3.76,High,65.18,1,B
Shruti Srivastava,ME20240206,ME,6,61.2,33.0,70.7,100.0,14.7,6.03,Medium,64.48,1,C
Ishita Rajput,EE20240207,EE,4,38.4,31.3,80.2,52.6,9.7,7.94,Low,61.7,1,C
Kavita Agarwal,ME20240208,ME,2,90.1,28.1,48.1,74.2,7.4,4.9,High,61.18,1,C
Ishita Gupta,CE20240209,CE,8,59.7,9.1,68.4,58.1,21.6,6.76,None,43.82,1,D
Ankit Yadav,CE20240210,CE,2,86.2,44.3,54.0,17.3,4.4,7.18,High,67.71,1,B
Vikram Tiwari,ME20240211,ME,1,36.5,20.7,58.0,13.0,6.8,4.65,Low,31.45,0,F
Amit Kumar,CE20240212,CE,2,88.1,34.1,7.3,45.3,5.2,6.07,None,47.2,1,D
Karan Tiwari,ME20240213,ME,1,50.2,9.2,57.1,81.2,2.1,5.92,Low,51.25,1,C
Karan Bhatia,ECE20240214,ECE,5,85.2,13.8,83.3,75.3,15.2,5.21,Low,53.86,1,C
Priya Chopra,ME20240215,ME,6,72.3,45.2,48.1,78.1,23.3,10.0,Medium,66.73,1,B
Komal Bhatia,ME20240216,ME,1,54.8,23.8,63.2,36.3,12.5,4.83,Medium,52.77,1,C
Preeti Agarwal,CE20240217,CE,4,64.7,45.4,45.4,93.5,2.0,8.01,High,70.47,1,B
Nikhil Nair,CE20240218,CE,7,84.4,27.1,69.9,36.8,20.7,5.49,Low,59.26,1,C
Ankita Das,CSE20240219,CSE,6,73.9,5.9,57.2,62.7,27.5,4.24,Low,47.88,1,D
Vivek Mishra,CSE20240220,CSE,1,82.5,38.7,41.3,57.8,8.8,6.39,None,63.66,1,C
Aman Kapoor,ECE20240221,ECE,6,100.0,20.9,91.3,54.2,10.2,7.37,None,62.12,1,C
Rahul Tiwari,CSE20240222,CSE,8,43.8,36.4,82.4,87.4,18.1,7.86,Medium,77.63,1,B
Ishita Dubey,ME20240223,ME,6,100.0,28.3,48.7,42.5,27.0,9.01,None,60.71,1,C
Jyoti Chopra,CE20240224,CE,6,73.9,9.5,73.0,28.3,9.8,10.0,Medium,55.9,1,C
Amit Saxena,CSE20240225,CSE,5,55.8,30.0,73.8,58.4,3.3,6.65,Medium,61.5,1,C
Nisha Kumar,CSE20240226,CSE,4,48.1,50.0,76.1,49.2,19.1,5.01,None,61.91,1,C
Nikhil Chopra,ECE20240227,ECE,3,68.6,33.9,24.7,100.0,20.4,7.02,Medium,61.39,1,C
Aarti Verma,ECE20240228,ECE,3,88.6,27.3,84.1,72.9,14.0,5.72,None,72.09,1,B
Divya Das,ME20240229,ME,1,69.7,40.9,49.5,49.0,9.5,7.87,Low,58.89,1,C
Manish Yadav,CE20240230,CE,6,99.2,30.5,54.1,34.8,22.0,3.87,Medium,58.2,1,C
Vikram Gupta,ECE20240231,ECE,1,45.9,30.5,100.0,16.6,18.2,10.0,Low,66.41,1,B
Pooja Bhatia,CSE20240232,CSE,5,71.8,14.9,68.6,35.4,7.9,7.74,None,51.17,1,C
Ankit Joshi,CE20240233,CE,5,49.5,30.8,53.5,60.5,14.4,3.17,Medium,43.27,1,D
Tanvi Mishra,CE20240234,CE,2,78.5,40.4,13.5,89.4,3.2,4.92,None,68.25,1,B
Ankita Patel,CSE20240235,CSE,8,88.0,18.0,92.6,82.7,19.5,7.67,Medium,68.12,1,B
Aarti Singh,ECE20240236,ECE,5,64.4,45.1,32.4,63.0,11.9,8.32,Low,63.68,1,C
Kavita Mehta,CSE20240237,CSE,2,25.1,26.9,39.9,50.9,10.5,3.91,Low,42.36,1,D
Sakshi Mishra,CE20240238,CE,4,75.6,17.3,54.7,63.9,13.7,7.48,High,62.33,1,C
Rohan Srivastava,EE20240239,EE,1,79.9,40.0,93.2,46.6,14.3,2.69,Medium,75.87,1,B
Swati Jain,EE20240240,EE,7,79.3,24.6,79.0,95.8,21.2,6.04,None,60.44,1,C
Rashmi Joshi,ME20240241,ME,4,94.2,37.1,58.5,53.8,18.7,8.2,Low,75.84,1,B
Karan Reddy,CSE20240242,CSE,5,52.7,24.5,68.8,56.1,12.7,5.21,High,59.23,1,C
Rahul Joshi,CSE20240243,CSE,4,84.2,27.3,48.8,9.3,20.1,3.49,None,48.78,1,D
Pankaj Thakur,ME20240244,ME,4,93.5,33.9,65.1,53.7,17.2,6.46,Medium,72.9,1,B
Vivek Bhatia,ME20240245,ME,8,40.0,31.5,63.6,76.4,10.6,5.11,Medium,61.24,1,C
Harsh Pillai,ME20240246,ME,8,77.8,4.1,83.3,34.5,13.0,7.33,Medium,44.12,1,D
Amit Singh,CE20240247,CE,8,62.9,14.5,83.3,41.5,12.8,4.61,Medium,58.91,1,C
Vikram Das,CSE20240248,CSE,4,70.5,39.2,72.9,75.4,18.0,4.81,Medium,61.37,1,C
Rajat Thakur,CE20240249,CE,5,78.3,26.4,54.0,25.5,11.1,2.56,Medium,43.22,1,D
Ankita Rajput,ME20240250,ME,7,63.2,21.7,78.3,81.3,10.9,6.51,High,61.61,1,C
Vikram Mehta,CSE20240251,CSE,6,59.8,11.7,60.0,46.3,29.8,5.91,Medium,61.19,1,C
Aman Reddy,CE20240252,CE,4,72.6,15.0,38.2,49.5,21.5,4.06,Low,45.6,1,D
Gaurav Khanna,CE20240253,CE,2,52.4,3.7,53.1,33.3,7.9,6.55,Low,37.43,0,F
Kavita Iyer,ME20240254,ME,5,52.5,26.8,63.9,66.3,18.6,8.05,Medium,68.82,1,B
Rahul Pillai,CSE20240255,CSE,4,84.2,20.8,82.0,100.0,14.9,5.81,High,68.48,1,B
Priya Tiwari,ME20240256,ME,7,51.3,16.4,58.0,75.2,17.1,6.68,Low,47.34,1,D
Rajat Saxena,CSE20240257,CSE,6,84.0,27.2,35.4,39.0,15.1,6.69,Low,53.78,1,C
Neha Malhotra,EE20240258,EE,8,80.3,32.4,63.2,83.0,23.5,4.03,High,75.96,1,B
Divya Gupta,ECE20240259,ECE,5,40.9,50.0,64.5,51.0,16.8,9.9,Medium,71.41,1,B
Sakshi Patel,ECE20240260,ECE,3,59.8,9.9,66.1,88.2,13.5,5.35,None,61.11,1,C
Manish Sharma,ECE20240261,ECE,6,93.5,41.9,82.2,75.7,22.3,7.38,Medium,85.17,1,A
Varun Kumar,ME20240262,ME,2,54.3,39.7,84.4,0.0,15.9,7.58,High,58.49,1,C
Simran Khanna,EE20240263,EE,4,63.6,18.7,48.9,35.9,15.0,5.95,High,50.72,1,C
Shruti Sharma,CSE20240264,CSE,7,80.3,30.4,48.4,78.8,16.5,7.29,Medium,62.63,1,C
Sonal Patel,CE20240265,CE,3,86.1,22.5,39.1,61.3,13.3,6.64,Low,53.97,1,C
Rahul Jain,CSE20240266,CSE,7,67.5,30.2,77.4,35.5,14.1,3.65,High,79.93,1,B
Priya Patel,CE20240267,CE,3,61.2,46.1,93.9,44.1,9.3,5.6,Medium,73.31,1,B
Aditya Pandey,CSE20240268,CSE,5,97.6,35.3,55.1,16.1,8.0,5.1,High,64.81,1,C
Suresh Khanna,EE20240269,EE,3,100.0,34.1,56.7,56.1,6.0,5.37,Low,60.91,1,C
Sonal Yadav,CE20240270,CE,2,89.6,22.8,94.3,100.0,2.9,3.85,None,72.81,1,B
Nikhil Pillai,ME20240271,ME,2,73.5,10.2,73.1,75.7,7.0,8.23,Low,62.21,1,C
Bhavna Gupta,CSE20240272,CSE,1,57.5,25.5,71.6,100.0,12.6,9.08,Low,76.67,1,B
Vikram Pandey,CSE20240273,CSE,2,57.1,42.5,35.8,77.4,14.8,7.96,Medium,75.96,1,B
Gaurav Tiwari,CE20240274,CE,6,81.4,9.7,76.9,80.6,11.8,8.49,High,56.04,1,C
Rashmi Kumar,ME20240275,ME,3,79.5,15.3,41.6,100.0,0.0,5.58,Medium,49.11,1,D
Aarti Patel,ME20240276,ME,2,97.2,29.5,37.1,66.3,26.6,5.05,High,61.91,1,C
Varun Gupta,EE20240277,EE,5,83.7,16.2,54.4,53.9,22.7,4.8,Low,49.74,1,D
Tanvi Bhatia,ME20240278,ME,7,44.9,18.5,49.1,80.7,17.6,7.36,Medium,56.26,1,C
Suresh Nair,ME20240279,ME,8,90.9,22.9,57.1,90.0,29.3,6.61,High,69.1,1,B
Tanvi Yadav,ME20240280,ME,7,54.0,11.6,30.3,47.4,6.2,6.06,Medium,50.76,1,C
Pankaj Rajput,ECE20240281,ECE,1,65.1,16.3,83.1,42.1,29.1,8.53,Medium,71.04,1,B
Jyoti Nair,EE20240282,EE,7,76.5,36.4,86.8,61.1,6.3,6.93,Medium,69.12,1,B
Karan Verma,CSE20240283,CSE,3,100.0,12.3,19.2,76.3,15.9,4.69,Medium,62.76,1,C
Kunal Srivastava,CE20240284,CE,1,100.0,8.8,83.5,75.6,3.8,4.97,Low,64.61,1,C
Aman Mishra,CSE20240285,CSE,3,82.9,20.4,44.2,26.7,14.1,7.43,High,52.83,1,C
Suresh Reddy,EE20240286,EE,5,68.7,36.8,80.9,100.0,17.1,8.08,High,68.62,1,B
Priya Saxena,CE20240287,CE,1,81.6,25.6,60.5,43.9,12.8,7.19,Low,58.18,1,C
Vivek Saxena,EE20240288,EE,4,88.0,22.4,62.6,52.2,19.7,9.61,Medium,63.64,1,C
Harsh Srivastava,ME20240289,ME,6,66.2,28.5,57.9,38.1,14.8,9.14,Medium,61.83,1,C
Divya Jain,CE20240290,CE,6,100.0,7.1,88.7,100.0,9.8,6.99,Medium,66.74,1,B
Amit Chauhan,ME20240291,ME,3,76.1,33.9,34.7,63.3,9.5,4.69,Medium,58.1,1,C
Swati Singh,CSE20240292,CSE,7,81.0,32.6,75.4,39.3,20.5,3.84,High,66.21,1,B
Simran Chauhan,CSE20240293,CSE,8,84.0,23.1,86.2,77.0,8.8,5.5,Low,57.72,1,C
Deepak Gupta,CE20240294,CE,8,79.6,40.1,77.8,74.9,21.3,7.56,None,77.6,1,B
Anjali Das,CE20240295,CE,4,87.1,14.5,100.0,53.9,23.8,9.49,High,68.74,1,B
Aarti Dubey,EE20240296,EE,1,60.9,41.5,50.4,76.5,0.7,6.95,Medium,65.06,1,B
Rashmi Das,EE20240297,EE,4,62.0,29.9,83.1,39.8,23.1,8.3,High,71.8,1,B
Shruti Agarwal,ME20240298,ME,4,52.2,24.0,59.7,47.2,30.5,5.76,None,48.62,1,D
Sneha Bhatia,CE20240299,CE,7,79.9,27.8,89.1,13.8,16.0,7.32,None,58.89,1,C
Divya Mehta,CSE20240300,CSE,8,86.0,26.7,61.8,28.9,18.8,7.68,High,62.78,1,C
Deepak Khanna,EE20240301,EE,1,80.2,42.6,53.5,97.8,22.3,2.64,None,67.0,1,B
Tanvi Khanna,EE20240302,EE,5,100.0,15.1,90.7,94.1,11.8,5.46,High,73.91,1,B
Suresh Chopra,CSE20240303,CSE,7,71.9,18.8,51.2,59.4,15.5,7.91,High,55.51,1,C
Mohit Tiwari,EE20240304,EE,4,84.0,40.4,30.9,94.6,3.5,6.69,Medium,65.46,1,B
Mohit Reddy,ME20240305,ME,4,52.3,20.9,50.6,54.5,15.1,4.05,None,42.98,1,D
Nisha Kumar,CE20240306,CE,5,65.0,38.8,75.6,52.6,18.0,1.83,Medium,65.84,1,B
Aditya Kumar,CSE20240307,CSE,4,84.5,48.4,92.6,59.2,18.1,5.54,High,77.24,1,B
Megha Mehta,CE20240308,CE,4,87.3,23.2,64.4,55.3,22.5,6.07,Low,64.55,1,C
Akash Khanna,EE20240309,EE,4,66.7,36.2,91.0,53.3,7.8,4.61,Low,72.33,1,B
Deepak Kumar,EE20240310,EE,6,70.7,14.2,32.1,83.2,9.7,6.46,Low,50.78,1,C
Bhavna Rajput,CSE20240311,CSE,7,44.7,37.1,52.2,61.3,29.2,7.11,None,68.04,1,B
Ankita Pandey,ME20240312,ME,2,65.6,30.4,55.7,73.7,12.8,7.41,High,73.4,1,B
Shruti Verma,ECE20240313,ECE,7,88.0,33.7,59.5,80.7,15.6,1.96,High,70.46,1,B
Vivek Sharma,CSE20240314,CSE,5,82.4,20.3,63.9,66.5,13.5,3.83,High,58.23,1,C
Kunal Mehta,ECE20240315,ECE,4,81.0,8.1,77.2,36.7,7.4,5.65,Medium,52.37,1,C
Simran Pandey,ECE20240316,ECE,7,72.9,34.0,52.2,28.2,27.0,7.23,Medium,56.3,1,C
Rahul Mehta,ME20240317,ME,6,72.1,3.2,65.1,61.3,9.8,7.08,Low,44.65,1,D
Pankaj Jain,ECE20240318,ECE,8,60.1,24.2,61.0,54.2,5.0,7.05,Medium,51.7,1,C
Megha Mehta,ECE20240319,ECE,5,84.6,39.3,41.6,59.9,10.4,5.51,Medium,75.36,1,B
Sneha Thakur,ME20240320,ME,3,79.6,30.3,59.5,57.6,0.0,5.61,High,55.99,1,C
Simran Srivastava,ECE20240321,ECE,7,80.9,50.0,58.8,100.0,8.8,4.89,High,73.4,1,B
Akash Yadav,ECE20240322,ECE,3,62.5,40.3,58.4,28.7,6.3,7.58,High,56.44,1,C
Aarti Mehta,ECE20240323,ECE,4,33.2,20.2,62.7,14.2,18.9,4.54,High,45.61,1,D
Kunal Mehta,CSE20240324,CSE,6,91.7,28.3,63.7,65.3,8.6,7.73,High,69.3,1,B
Neha Thakur,CSE20240325,CSE,6,63.4,27.4,52.5,49.7,21.1,6.57,None,62.27,1,C
Kunal Chopra,CSE20240326,CSE,7,56.5,9.0,90.0,65.0,25.2,6.12,High,60.89,1,C
Aditya Verma,ME20240327,ME,5,84.5,16.7,36.3,70.8,20.2,5.02,Medium,48.49,1,D
Priya Tiwari,EE20240328,EE,5,64.9,21.3,46.1,86.3,12.3,3.76,Low,48.67,1,D
Bhavna Srivastava,ECE20240329,ECE,6,91.1,3.6,100.0,24.8,15.1,5.03,None,56.89,1,C
Sonal Gupta,ECE20240330,ECE,5,83.1,28.6,39.2,45.8,1.8,5.61,Medium,53.02,1,C
Vikram Bhatia,ME20240331,ME,6,84.3,25.0,32.2,67.4,12.9,1.94,Low,56.87,1,C
Arjun Kapoor,ECE20240332,ECE,7,47.4,7.9,78.2,75.0,7.1,5.84,Low,46.7,1,D
Nisha Khanna,CSE20240333,CSE,2,93.8,32.9,16.3,100.0,19.6,7.86,Medium,66.01,1,B
Akash Patel,EE20240334,EE,6,76.7,36.6,56.8,79.0,34.6,7.22,High,74.97,1,B
Sakshi Gupta,CE20240335,CE,3,65.4,30.7,100.0,56.8,18.0,5.31,High,62.57,1,C
Suresh Agarwal,ECE20240336,ECE,5,74.6,24.1,28.0,38.4,0.0,6.28,Low,44.02,1,D
Simran Joshi,CSE20240337,CSE,6,40.0,35.1,18.4,45.6,11.1,5.2,Low,47.23,1,D
Neha Yadav,CE20240338,CE,6,79.4,36.2,29.0,45.0,15.0,6.47,Low,61.59,1,C
Aditya Gupta,EE20240339,EE,7,53.5,31.7,81.8,72.4,14.7,8.97,Low,59.36,1,C
Mohit Kapoor,CE20240340,CE,5,47.7,18.1,86.7,63.7,8.2,7.94,None,55.02,1,C
Arjun Mehta,CSE20240341,CSE,2,44.6,31.3,50.7,28.9,16.0,7.14,High,51.29,1,C
Deepak Kapoor,CE20240342,CE,7,92.0,42.3,77.0,48.4,4.1,5.31,Medium,65.61,1,B
Karan Nair,ME20240343,ME,2,60.7,20.8,92.6,77.3,6.4,7.55,None,61.61,1,C
Arjun Reddy,CE20240344,CE,8,99.6,50.0,100.0,65.7,19.2,3.16,Low,77.06,1,B
Vikram Das,ECE20240345,ECE,7,62.4,21.7,56.6,70.5,5.9,5.75,Medium,60.91,1,C
Pankaj Khanna,ECE20240346,ECE,5,41.3,28.4,11.4,66.4,18.3,7.25,Medium,57.02,1,C
Simran Dubey,ME20240347,ME,1,51.9,19.9,43.9,93.8,3.0,7.53,None,58.94,1,C
Priya Jain,CSE20240348,CSE,5,94.2,30.7,52.6,63.2,28.1,7.41,High,70.23,1,B
Varun Kapoor,ECE20240349,ECE,5,69.2,7.1,56.3,49.5,7.8,6.73,Low,40.99,1,D
Tanvi Chopra,EE20240350,EE,2,62.1,21.4,57.9,37.9,12.2,5.85,None,49.73,1,D
Ritu Gupta,ECE20240351,ECE,2,74.9,14.9,86.6,63.5,16.6,7.17,None,59.1,1,C
Gaurav Chopra,ECE20240352,ECE,5,81.0,29.6,90.0,4.3,9.5,4.48,Medium,52.7,1,C
Anjali Srivastava,CSE20240353,CSE,5,92.1,39.9,58.2,53.9,15.1,4.68,None,60.1,1,C
Mohit Rajput,CE20240354,CE,5,98.1,35.8,86.2,53.5,18.6,6.31,None,72.38,1,B
Komal Reddy,ECE20240355,ECE,2,65.5,0.0,69.9,28.0,21.7,6.51,Low,41.45,1,D
Nisha Jain,ME20240356,ME,5,48.1,50.0,63.4,37.6,20.3,2.91,Medium,64.15,1,C
Arjun Malhotra,CE20240357,CE,5,64.6,31.5,81.9,75.8,12.6,7.02,None,69.33,1,B
Neha Kumar,EE20240358,EE,8,76.7,18.7,63.6,63.1,12.8,7.59,Low,64.28,1,C
Sneha Verma,CSE20240359,CSE,4,54.7,29.9,100.0,60.2,32.8,6.06,Low,61.41,1,C
Ishita Yadav,EE20240360,EE,1,54.8,30.1,30.4,64.7,21.6,10.0,None,62.68,1,C
Divya Yadav,CE20240361,CE,3,78.2,20.0,50.7,60.0,6.6,4.97,Medium,49.21,1,D
Nisha Saxena,CE20240362,CE,1,71.1,30.4,59.2,85.3,14.8,5.55,None,57.02,1,C
Sonal Tiwari,CE20240363,CE,4,72.6,20.7,71.7,60.7,11.3,5.49,None,53.65,1,C
Aman Das,EE20240364,EE,3,58.3,23.1,89.9,25.9,12.9,6.06,Medium,59.74,1,C
Nikhil Nair,CE20240365,CE,7,67.9,19.8,61.5,93.9,4.2,5.61,Low,54.89,1,C
Aditya Tiwari,EE20240366,EE,5,55.4,10.8,30.7,66.1,10.7,3.67,None,47.01,1,D
Nisha Agarwal,CE20240367,CE,4,88.0,29.8,80.5,45.0,28.5,5.22,Low,69.52,1,B
Pooja Verma,ME20240368,ME,8,90.6,35.0,78.6,30.4,18.6,6.02,High,66.68,1,B
Rohan Yadav,CE20240369,CE,7,38.8,34.2,19.3,66.7,0.0,8.41,Medium,57.68,1,C
Rahul Tiwari,EE20240370,EE,5,55.3,37.8,61.9,55.4,23.7,10.0,High,73.71,1,B
Varun Yadav,ECE20240371,ECE,2,45.1,31.9,27.0,92.6,22.7,8.6,High,59.82,1,C
Nisha Jain,CE20240372,CE,6,60.3,21.6,47.4,50.4,11.1,4.8,High,59.8,1,C
Swati Mishra,ECE20240373,ECE,4,70.5,38.1,42.1,39.6,19.7,4.95,Medium,60.55,1,C
Sakshi Nair,ME20240374,ME,2,45.9,11.7,79.8,77.7,7.1,5.91,Medium,50.89,1,C
Divya Bhatia,CSE20240375,CSE,4,55.4,17.2,64.6,78.4,10.2,9.41,Low,54.02,1,C
Kunal Chauhan,ME20240376,ME,8,53.9,16.4,33.7,61.7,26.0,5.9,None,54.54,1,C
Suresh Rajput,CE20240377,CE,4,75.7,41.0,81.4,72.9,11.8,3.81,Medium,71.54,1,B
Aarti Yadav,ECE20240378,ECE,2,73.2,39.3,30.5,57.2,0.0,5.3,High,61.54,1,C
Rahul Saxena,ECE20240379,ECE,8,59.0,33.8,69.3,63.1,13.5,7.56,Low,61.24,1,C
Pooja Dubey,EE20240380,EE,3,75.2,40.9,44.1,83.6,13.4,7.44,Medium,74.83,1,B
Sneha Mehta,ECE20240381,ECE,1,62.2,17.4,54.0,71.8,23.6,5.84,Low,59.73,1,C
Gaurav Joshi,EE20240382,EE,5,67.1,32.2,73.1,54.3,14.1,7.43,Low,60.46,1,C
Pankaj Chopra,CSE20240383,CSE,4,100.0,26.5,73.5,87.8,10.6,2.11,Low,56.68,1,C
Vivek Thakur,CE20240384,CE,5,96.1,38.2,91.4,6.0,22.4,6.39,Medium,72.52,1,B
Pankaj Gupta,EE20240385,EE,6,48.6,26.6,60.2,100.0,15.0,7.75,Low,55.06,1,C
Aarti Malhotra,CSE20240386,CSE,2,86.9,23.4,68.7,20.5,8.0,4.7,Medium,53.77,1,C
Akash Das,ECE20240387,ECE,5,86.6,34.5,52.4,44.2,23.2,4.69,High,62.66,1,C
Akash Tiwari,ECE20240388,ECE,2,51.3,38.5,66.0,57.1,15.5,2.84,High,65.2,1,B
Deepak Pillai,CSE20240389,CSE,5,86.7,20.0,71.7,54.8,14.0,9.06,Low,61.94,1,C
Nisha Reddy,ECE20240390,ECE,1,99.7,27.3,59.8,80.1,15.4,4.9,High,74.31,1,B
Vikram Rajput,CSE20240391,CSE,1,51.8,15.3,22.3,34.7,5.4,6.63,Low,35.78,0,F
Siddharth Singh,EE20240392,EE,8,55.5,0.0,69.3,63.7,9.8,7.29,Low,49.93,1,D
Aditya Tiwari,EE20240393,EE,1,90.3,30.4,70.0,45.3,14.0,8.92,Medium,79.24,1,B
Ankit Bhatia,CSE20240394,CSE,8,76.9,35.3,47.0,64.5,12.4,5.92,Low,56.89,1,C
Ankit Mehta,EE20240395,EE,1,81.9,31.1,33.7,56.6,24.2,5.23,None,60.83,1,C
Arjun Jain,EE20240396,EE,1,78.1,4.6,94.5,60.0,15.7,6.51,Low,69.03,1,B
Siddharth Kumar,EE20240397,EE,1,79.0,23.8,72.8,45.9,20.8,8.51,Medium,65.3,1,B
Arjun Pandey,ME20240398,ME,2,48.1,1.4,57.0,46.8,14.1,5.89,Low,39.06,0,F
Mohit Saxena,CE20240399,CE,4,90.9,44.4,37.0,64.3,22.5,4.48,Medium,73.36,1,B
Divya Thakur,ECE20240400,ECE,8,93.1,15.0,43.9,78.8,17.2,3.43,Medium,55.68,1,C
Ritu Khanna,ME20240401,ME,5,67.9,43.1,90.7,44.8,14.1,4.0,Medium,57.94,1,C
Varun Chauhan,EE20240402,EE,1,71.2,39.4,65.0,38.9,13.9,7.76,High,73.3,1,B
Tushar Malhotra,CSE20240403,CSE,2,44.4,17.2,49.9,71.5,6.4,5.62,Low,36.21,0,F
Sneha Reddy,EE20240404,EE,2,81.3,14.4,73.2,57.3,18.1,5.11,None,53.14,1,C
Manish Malhotra,CE20240405,CE,2,82.3,32.2,44.1,76.3,13.7,4.91,Low,67.95,1,B
Arjun Pillai,EE20240406,EE,8,70.9,17.9,95.0,38.1,10.0,6.35,Low,53.84,1,C
Rashmi Saxena,CSE20240407,CSE,4,92.2,29.2,91.8,18.9,22.9,5.77,Medium,62.06,1,C
Shruti Reddy,CE20240408,CE,8,66.0,22.2,51.7,46.3,4.0,5.71,None,52.96,1,C
Varun Pillai,EE20240409,EE,5,82.2,6.6,48.2,41.1,10.6,8.63,Low,44.97,1,D
Mohit Dubey,CE20240410,CE,4,53.6,1.2,4.4,56.3,22.2,8.97,Medium,34.82,0,F
Deepak Yadav,ECE20240411,ECE,3,71.6,30.7,29.4,44.0,16.5,3.3,Medium,52.63,1,C
Rashmi Reddy,ECE20240412,ECE,7,68.9,21.3,32.5,74.3,13.6,6.79,Medium,54.62,1,C
Tushar Dubey,EE20240413,EE,2,76.1,21.4,65.0,51.7,16.0,4.8,High,51.41,1,C
Vivek Iyer,CE20240414,CE,8,65.3,36.4,54.8,61.3,15.4,5.75,Medium,65.83,1,B
Preeti Khanna,CSE20240415,CSE,3,69.6,42.1,32.4,61.5,1.9,6.76,Medium,63.49,1,C
Rashmi Nair,EE20240416,EE,6,86.9,24.7,55.8,62.3,11.2,5.82,Low,57.68,1,C
Divya Gupta,ECE20240417,ECE,8,64.1,23.9,73.1,57.5,26.9,6.61,High,62.54,1,C
Aman Pillai,ECE20240418,ECE,1,43.1,34.0,73.6,69.2,8.7,7.41,Medium,64.18,1,C
Neha Malhotra,EE20240419,EE,7,100.0,11.7,20.2,40.5,11.5,6.73,Low,54.38,1,C
Karan Mehta,CE20240420,CE,1,96.9,30.7,59.2,88.8,9.7,5.04,Low,66.0,1,B
Tanvi Mehta,ECE20240421,ECE,4,48.7,34.6,31.6,52.8,13.3,5.07,Medium,55.4,1,C
Harsh Mishra,CE20240422,CE,7,84.4,36.2,81.8,29.1,9.3,3.61,High,65.18,1,B
Amit Sharma,ECE20240423,ECE,8,62.9,4.8,79.3,62.1,17.9,4.66,None,52.05,1,C
Anjali Malhotra,ECE20240424,ECE,5,76.7,18.9,42.2,39.3,15.6,9.73,None,55.71,1,C
Deepak Dubey,ME20240425,ME,3,77.3,17.5,45.1,72.6,20.2,4.77,High,52.51,1,C
Arjun Agarwal,ECE20240426,ECE,5,67.8,29.2,51.9,100.0,5.6,4.05,High,59.11,1,C
Komal Kapoor,CSE20240427,CSE,8,57.9,33.8,12.4,40.7,11.3,6.78,Low,51.65,1,C
Harsh Jain,EE20240428,EE,4,59.6,46.0,69.4,65.3,12.2,6.0,Low,76.77,1,B
Tanvi Pandey,EE20240429,EE,1,55.5,22.1,56.0,19.4,17.6,5.85,Medium,45.71,1,D
Manish Jain,CE20240430,CE,7,57.0,22.0,83.3,68.0,7.7,8.74,Low,64.65,1,C
Varun Tiwari,ECE20240431,ECE,5,70.8,41.8,37.8,38.5,21.3,7.19,High,63.97,1,C
Karan Yadav,CSE20240432,CSE,8,59.1,31.6,48.4,44.3,23.5,5.25,None,55.83,1,C
Bhavna Agarwal,CE20240433,CE,5,84.3,43.2,28.9,33.8,6.1,5.44,None,65.13,1,B
Bhavna Jain,ME20240434,ME,8,98.8,31.5,39.9,74.1,10.1,5.3,Low,67.41,1,B
Preeti Rajput,CE20240435,CE,1,61.6,14.1,36.0,80.2,9.7,7.77,Low,45.17,1,D
Ankita Mehta,CE20240436,CE,7,76.3,12.0,83.9,58.5,35.1,5.65,None,57.01,1,C
Arjun Singh,ECE20240437,ECE,3,81.0,9.4,46.6,39.0,10.6,2.97,None,47.13,1,D
Komal Mehta,ME20240438,ME,1,80.5,35.9,64.7,93.0,27.4,6.11,Medium,75.93,1,B
Jyoti Saxena,CE20240439,CE,5,73.4,42.3,53.6,41.5,3.9,3.43,None,50.47,1,C
Siddharth Nair,CSE20240440,CSE,3,85.4,50.0,34.1,10.4,6.1,10.0,High,64.19,1,C
Preeti Verma,CSE20240441,CSE,8,80.7,38.1,58.3,68.1,8.5,4.46,Low,66.98,1,B
Rahul Iyer,EE20240442,EE,3,49.7,42.0,75.2,33.7,7.2,5.91,Medium,64.41,1,C
Nikhil Thakur,ME20240443,ME,8,87.6,21.0,35.4,79.7,11.9,6.66,Low,58.84,1,C
Aditya Pandey,ME20240444,ME,1,88.0,14.1,79.8,49.6,8.3,5.68,Low,67.53,1,B
Swati Khanna,EE20240445,EE,5,58.3,38.2,43.3,71.3,7.4,5.68,Medium,63.94,1,C
Pankaj Saxena,CE20240446,CE,4,72.7,33.0,51.4,88.8,23.3,6.96,Medium,68.62,1,B
Pankaj Rajput,ME20240447,ME,5,84.3,29.3,73.7,31.4,23.8,8.95,Medium,64.07,1,C
Priya Mehta,CSE20240448,CSE,8,68.2,32.6,47.4,45.5,21.6,7.58,Medium,57.27,1,C
Kavita Pandey,CSE20240449,CSE,2,91.3,31.9,62.8,56.3,18.2,8.86,Medium,73.09,1,B
Preeti Thakur,ECE20240450,ECE,7,100.0,43.4,55.1,91.8,14.7,4.32,Low,71.95,1,B
Neha Yadav,ME20240451,ME,6,57.9,43.5,64.8,43.5,10.0,6.77,High,73.6,1,B
Rohan Thakur,CE20240452,CE,4,47.1,34.5,9.6,44.9,6.4,6.48,Medium,55.0,1,C
Ishita Das,EE20240453,EE,3,77.5,38.1,21.7,68.5,16.9,6.83,High,68.72,1,B
Simran Pillai,EE20240454,EE,4,85.0,34.2,75.6,45.3,4.6,8.68,High,63.51,1,C
Mohit Khanna,CE20240455,CE,7,67.8,22.5,84.8,61.4,6.0,5.8,None,53.58,1,C
Priya Khanna,ECE20240456,ECE,3,98.2,37.1,42.0,23.9,23.2,5.47,Low,68.86,1,B
Vivek Pillai,EE20240457,EE,7,47.9,11.3,56.6,100.0,29.2,7.16,Medium,55.44,1,C
Ankit Joshi,ME20240458,ME,3,84.5,40.6,68.5,28.4,17.1,3.0,Medium,67.62,1,B
Ankit Singh,ECE20240459,ECE,4,61.1,13.7,77.3,50.9,22.9,5.77,Medium,56.55,1,C
Suresh Kapoor,ME20240460,ME,3,100.0,31.4,17.4,57.3,12.0,5.96,Medium,60.6,1,C
Aditya Bhatia,CSE20240461,CSE,3,100.0,17.9,42.5,100.0,3.3,4.54,Low,54.95,1,C
Anjali Iyer,ECE20240462,ECE,2,58.2,34.6,54.7,28.9,18.9,8.1,None,57.88,1,C
Bhavna Iyer,EE20240463,EE,5,62.1,27.6,77.5,100.0,18.6,4.29,None,64.88,1,C
Amit Thakur,ECE20240464,ECE,5,87.5,8.9,100.0,74.7,14.6,5.96,Medium,67.41,1,B
Pooja Das,ECE20240465,ECE,6,65.0,33.0,57.0,67.2,12.1,6.73,Medium,58.32,1,C
Varun Sharma,ECE20240466,ECE,6,71.2,21.1,31.0,36.3,21.7,8.64,Low,52.46,1,C
Shruti Kapoor,ECE20240467,ECE,8,72.5,38.6,70.8,70.6,6.1,6.18,Medium,67.53,1,B
Sneha Reddy,ME20240468,ME,8,37.4,28.0,91.1,42.1,7.8,7.89,None,58.56,1,C
Pankaj Das,CSE20240469,CSE,8,71.8,32.7,64.4,85.9,5.9,7.46,None,61.38,1,C
Anjali Verma,CE20240470,CE,2,59.6,16.5,42.1,36.6,14.7,6.42,Medium,40.2,1,D
Arjun Iyer,ECE20240471,ECE,6,63.1,20.9,83.1,55.5,5.3,4.24,Low,55.41,1,C
Kunal Das,EE20240472,EE,7,98.0,22.5,76.6,45.8,8.5,3.62,Medium,50.68,1,C
Vivek Verma,ECE20240473,ECE,8,49.4,38.3,39.4,36.3,8.4,6.39,High,61.49,1,C
Sneha Verma,EE20240474,EE,8,86.6,48.1,70.4,74.3,11.9,5.22,High,76.1,1,B
Karan Mehta,ME20240475,ME,4,67.0,18.3,83.9,69.8,2.1,7.85,None,50.17,1,C
Manish Das,EE20240476,EE,1,67.0,40.9,88.0,84.6,14.7,7.54,Low,72.82,1,B
Ankita Kumar,CE20240477,CE,7,86.2,2.0,60.5,18.8,24.0,5.87,Medium,48.34,1,D
Siddharth Dubey,CSE20240478,CSE,8,78.1,13.7,54.1,81.4,15.1,4.12,Medium,51.59,1,C
Pooja Dubey,EE20240479,EE,8,82.3,16.5,89.0,100.0,26.3,7.12,Medium,71.92,1,B
Ishita Rajput,EE20240480,EE,8,89.4,11.8,35.4,48.1,24.7,4.37,Low,53.24,1,C
Neha Agarwal,CSE20240481,CSE,1,66.0,9.0,71.6,99.7,20.2,4.83,None,54.68,1,C
Megha Yadav,CE20240482,CE,1,61.0,33.0,31.9,52.2,14.6,4.44,Medium,48.44,1,D
Varun Patel,ECE20240483,ECE,2,52.5,25.4,85.4,27.8,14.2,5.95,Medium,52.66,1,C
Rohan Nair,EE20240484,EE,7,57.1,32.6,56.3,51.3,20.1,8.31,Low,68.92,1,B
Gaurav Kapoor,CSE20240485,CSE,2,100.0,36.3,89.9,81.1,10.9,6.19,None,84.24,1,A
Manish Dubey,ME20240486,ME,3,94.4,31.2,72.8,39.6,0.0,5.4,Medium,50.84,1,C
Priya Dubey,CSE20240487,CSE,1,47.7,35.9,35.1,44.8,17.9,3.45,Low,55.08,1,C
Kunal Chopra,ME20240488,ME,4,48.2,27.2,93.3,71.1,5.0,7.19,None,61.19,1,C
Sakshi Reddy,CE20240489,CE,6,80.7,13.8,96.1,58.1,6.3,4.8,None,59.56,1,C
Tanvi Chopra,ECE20240490,ECE,4,81.9,40.7,81.4,70.9,14.0,6.41,Low,70.44,1,B
Tanvi Yadav,CSE20240491,CSE,6,81.9,20.9,45.2,63.2,13.2,5.56,Medium,47.39,1,D
Rashmi Kapoor,EE20240492,EE,1,67.4,16.8,55.3,68.6,2.7,7.71,Low,56.13,1,C
Rashmi Sharma,CE20240493,CE,1,69.7,25.9,65.2,48.5,15.3,5.92,None,51.95,1,C
Tushar Yadav,CSE20240494,CSE,1,77.9,17.0,46.5,63.1,21.7,6.09,None,48.14,1,D
Deepak Srivastava,EE20240495,EE,2,73.5,23.0,99.2,37.6,5.0,7.07,Low,52.48,1,C
Aman Das,CSE20240496,CSE,7,32.1,32.1,65.2,86.3,24.2,9.99,Medium,70.73,1,B
Pankaj Nair,ME20240497,ME,6,67.9,32.2,2.5,44.0,1.5,7.8,None,49.43,1,D
Ishita Malhotra,CSE20240498,CSE,7,56.7,17.2,69.5,82.8,30.9,6.04,Medium,64.98,1,C
Amit Chopra,CSE20240499,CSE,2,75.2,22.1,54.3,52.9,10.7,6.21,None,57.51,1,C
Arjun Chauhan,CSE20240500,CSE,2,100.0,40.9,60.4,62.4,15.2,5.26,Low,68.96,1,B
Aman Joshi,CE20240501,CE,5,78.6,34.0,53.9,47.1,0.0,4.49,None,54.25,1,C
Bhavna Jain,CSE20240502,CSE,4,66.4,50.0,79.8,35.6,13.5,5.21,None,64.22,1,C
Ankita Pillai,EE20240503,EE,4,88.6,42.2,86.6,19.6,15.8,4.81,Medium,66.36,1,B
Divya Verma,ME20240504,ME,3,80.7,41.7,68.2,34.8,13.3,7.38,Low,62.5,1,C
Deepak Pillai,ME20240505,ME,8,79.6,11.3,54.5,50.9,9.5,4.27,High,51.11,1,C
Siddharth Rajput,CSE20240506,CSE,2,82.9,37.2,61.1,62.7,6.4,8.6,None,73.63,1,B
Nikhil Nair,CE20240507,CE,6,100.0,27.4,62.4,80.2,23.0,7.55,None,68.08,1,B
Amit Jain,CE20240508,CE,5,51.6,21.4,44.3,48.2,14.2,6.24,Low,54.71,1,C
Akash Saxena,EE20240509,EE,5,80.5,30.0,74.7,38.6,26.3,6.2,Medium,66.04,1,B
Jyoti Yadav,CSE20240510,CSE,8,55.3,39.3,72.1,26.3,9.8,5.2,Low,57.43,1,C
Kavita Sharma,ME20240511,ME,7,82.0,34.0,95.9,68.6,10.5,6.69,Low,62.74,1,C
Anjali Thakur,CE20240512,CE,8,55.5,17.5,89.6,88.4,20.5,8.16,Low,55.38,1,C
Kunal Malhotra,CSE20240513,CSE,8,64.5,36.9,46.9,85.9,1.0,4.93,None,59.64,1,C
Swati Agarwal,CE20240514,CE,8,66.7,20.3,80.0,73.6,4.3,3.44,High,59.71,1,C
Preeti Malhotra,CE20240515,CE,4,89.6,30.6,41.1,72.0,22.8,7.47,Medium,65.23,1,B
Pooja Tiwari,ME20240516,ME,2,88.5,24.4,77.3,95.3,4.6,6.78,Medium,76.96,1,B
Anjali Joshi,ECE20240517,ECE,3,49.6,25.4,50.6,65.3,0.0,4.18,Medium,51.45,1,C
Anjali Malhotra,EE20240518,EE,2,73.0,37.2,39.5,72.2,28.9,4.88,Medium,61.46,1,C
Sneha Malhotra,EE20240519,EE,7,59.2,15.5,68.2,50.9,2.8,4.65,None,45.28,1,D
Arjun Gupta,ME20240520,ME,1,49.3,50.0,3.2,28.0,15.5,4.9,Medium,64.65,1,C
Neha Dubey,CE20240521,CE,8,68.1,6.1,23.5,43.0,14.6,5.62,None,32.51,0,F
Kavita Mehta,CSE20240522,CSE,2,66.4,20.8,58.1,57.8,0.0,5.72,Low,52.79,1,C
Sneha Srivastava,CE20240523,CE,7,100.0,32.4,63.8,59.3,11.9,5.03,Medium,65.07,1,B
Vivek Joshi,ME20240524,ME,1,79.8,35.0,53.9,100.0,17.6,4.84,Medium,73.24,1,B
Anjali Thakur,EE20240525,EE,1,47.2,26.8,27.3,59.8,16.8,5.79,Medium,56.63,1,C
Ankita Dubey,CE20240526,CE,8,61.8,27.3,44.0,83.9,21.2,6.5,Medium,59.81,1,C
Manish Nair,EE20240527,EE,3,90.4,32.9,70.6,48.4,10.9,5.63,None,69.14,1,B
Simran Pandey,CSE20240528,CSE,6,100.0,25.2,74.8,51.1,19.7,8.29,Low,80.45,1,A
Manish Mishra,EE20240529,EE,4,43.5,44.7,61.6,28.8,8.5,7.11,None,57.73,1,C
Neha Rajput,EE20240530,EE,2,38.2,38.1,87.5,41.7,2.7,3.34,Medium,57.18,1,C
Aditya Thakur,ECE20240531,ECE,1,100.0,38.5,70.7,69.6,3.6,7.14,High,71.95,1,B
Preeti Kapoor,ECE20240532,ECE,2,79.0,16.4,45.6,58.2,2.3,7.29,Low,51.68,1,C
Kunal Pillai,ECE20240533,ECE,6,56.4,27.0,55.8,78.7,22.1,5.42,None,57.73,1,C
Vikram Saxena,EE20240534,EE,4,81.6,24.4,31.1,62.0,1.9,3.51,Low,52.71,1,C
Neha Agarwal,ME20240535,ME,6,24.6,15.9,59.6,50.2,16.2,6.21,High,51.73,1,C
Karan Malhotra,EE20240536,EE,4,72.1,32.3,86.5,100.0,11.9,6.19,Medium,71.76,1,B
Rashmi Khanna,ME20240537,ME,5,77.9,21.5,77.1,55.9,13.2,4.18,None,63.52,1,C
Ankit Khanna,ME20240538,ME,4,88.6,35.9,92.8,83.6,24.9,3.59,High,84.39,1,A
Tushar Saxena,ECE20240539,ECE,8,53.7,15.2,55.3,49.2,10.5,6.04,High,52.93,1,C
Amit Nair,CE20240540,CE,3,73.5,48.6,91.6,73.6,18.9,5.78,None,74.59,1,B
Simran Agarwal,CSE20240541,CSE,6,55.3,17.2,57.7,78.4,14.3,5.45,High,51.77,1,C
Jyoti Patel,ECE20240542,ECE,1,76.6,30.6,94.4,62.6,12.8,6.05,Low,62.88,1,C
Komal Verma,ECE20240543,ECE,8,55.9,37.5,61.5,6.2,32.4,4.22,Low,59.76,1,C
Rashmi Kapoor,CE20240544,CE,5,64.7,21.2,77.6,58.4,2.5,5.42,Low,47.14,1,D
Karan Agarwal,CSE20240545,CSE,3,54.1,38.2,94.5,85.1,24.3,7.16,High,80.06,1,A
Megha Agarwal,EE20240546,EE,2,83.7,13.2,57.7,69.6,19.3,5.57,Medium,51.71,1,C
Priya Rajput,EE20240547,EE,8,87.5,45.4,66.8,67.8,10.2,3.19,None,71.84,1,B
Karan Patel,ECE20240548,ECE,6,67.8,28.2,90.4,20.1,27.0,5.35,High,62.1,1,C
Karan Bhatia,CSE20240549,CSE,7,72.7,20.8,59.1,42.1,0.0,4.27,None,53.19,1,C
Preeti Pillai,ECE20240550,ECE,7,45.9,24.4,32.9,67.0,9.8,6.68,Medium,56.04,1,C
Arjun Iyer,ME20240551,ME,1,66.6,37.7,100.0,67.0,4.3,6.77,Medium,77.13,1,B
Rajat Singh,ECE20240552,ECE,4,71.1,21.0,51.7,84.7,17.3,3.21,None,61.62,1,C
Gaurav Thakur,ECE20240553,ECE,1,100.0,19.0,65.5,54.8,5.1,7.57,None,60.89,1,C
Priya Dubey,EE20240554,EE,7,52.0,25.3,87.4,66.9,17.5,4.2,High,54.08,1,C
Nikhil Bhatia,EE20240555,EE,2,98.4,13.9,48.6,58.4,12.5,9.01,Low,54.56,1,C
Rajat Bhatia,EE20240556,EE,5,89.9,49.8,39.8,36.3,10.2,6.11,Medium,57.08,1,C
Divya Mishra,ME20240557,ME,5,77.1,21.2,67.6,8.4,17.1,3.96,Medium,43.72,1,D
Mohit Verma,EE20240558,EE,6,100.0,38.0,22.6,67.5,11.9,4.14,Medium,63.54,1,C
Ritu Jain,CSE20240559,CSE,5,78.7,30.5,55.7,61.8,5.3,6.83,Low,57.89,1,C
Sonal Pillai,CE20240560,CE,6,79.0,16.2,67.4,44.4,36.4,5.5,Low,57.62,1,C
Vivek Mishra,CSE20240561,CSE,8,71.0,27.9,56.1,22.4,10.1,6.03,Low,54.46,1,C
Sneha Srivastava,CSE20240562,CSE,6,94.0,37.4,28.0,71.9,0.0,9.1,High,67.61,1,B
Ishita Kapoor,EE20240563,EE,8,91.7,25.7,97.1,52.1,7.3,4.94,Low,57.7,1,C
Arjun Chauhan,CE20240564,CE,6,60.7,42.3,64.3,70.3,3.9,6.31,Low,64.15,1,C
Aarti Dubey,CE20240565,CE,7,48.3,40.3,93.5,99.0,20.6,8.76,High,75.48,1,B
Tushar Gupta,CE20240566,CE,7,68.3,39.0,56.3,10.9,16.6,6.69,Medium,57.57,1,C
Sneha Srivastava,ME20240567,ME,4,57.6,22.5,42.6,42.6,17.2,3.31,None,51.53,1,C
Shruti Chauhan,EE20240568,EE,8,70.9,15.0,67.9,53.4,11.0,7.11,High,54.94,1,C
Manish Khanna,CE20240569,CE,3,94.3,20.6,57.3,90.0,11.8,4.11,Medium,70.72,1,B
Tushar Chauhan,ME20240570,ME,8,63.8,30.4,36.1,22.0,11.0,8.73,None,59.68,1,C
Akash Malhotra,ECE20240571,ECE,6,71.2,34.5,94.3,100.0,13.4,4.72,Low,68.67,1,B
Tanvi Kumar,ECE20240572,ECE,6,73.0,1.9,48.3,61.0,20.7,10.0,Medium,48.06,1,D
Varun Joshi,ME20240573,ME,3,87.3,27.9,21.5,55.9,16.7,8.84,Medium,61.69,1,C
Rohan Rajput,ME20240574,ME,1,31.6,29.9,91.2,53.6,18.0,4.77,Low,60.91,1,C
Harsh Yadav,EE20240575,EE,6,61.1,24.7,50.9,48.4,18.0,6.24,Low,51.37,1,C
Varun Singh,EE20240576,EE,4,75.8,43.5,48.6,81.1,21.1,7.56,Low,78.02,1,B
Tushar Bhatia,ECE20240577,ECE,5,93.6,33.1,23.2,34.5,16.3,7.61,Medium,66.96,1,B
Rajat Mehta,CE20240578,CE,5,63.1,43.7,100.0,65.6,16.9,7.0,None,70.16,1,B
Bhavna Verma,ECE20240579,ECE,2,38.2,25.4,33.6,49.5,23.5,8.45,None,47.97,1,D
Kunal Rajput,CE20240580,CE,2,83.2,39.2,63.3,41.2,8.7,5.98,Medium,68.12,1,B
Vikram Malhotra,CE20240581,CE,5,60.6,47.6,82.1,100.0,7.2,5.54,Medium,75.6,1,B
Rajat Pillai,EE20240582,EE,5,50.6,43.7,71.3,67.2,4.5,5.58,Medium,60.31,1,C
Aman Khanna,CSE20240583,CSE,7,60.8,14.9,60.7,71.5,15.5,7.75,Low,53.68,1,C
Swati Nair,CSE20240584,CSE,4,68.7,25.0,24.6,83.0,0.0,6.86,Low,52.82,1,C
Kavita Chopra,ME20240585,ME,3,61.1,23.9,44.2,26.7,17.7,6.72,Low,41.99,1,D
Ishita Yadav,EE20240586,EE,2,32.3,33.9,66.1,96.6,13.1,7.63,High,69.36,1,B
Mohit Pillai,CE20240587,CE,7,88.1,36.2,44.7,2.8,23.1,2.51,Medium,51.49,1,C
Neha Chopra,CSE20240588,CSE,7,94.9,17.9,66.5,41.1,8.6,6.76,Low,42.94,1,D
Divya Mishra,CE20240589,CE,3,83.7,28.8,77.0,47.9,12.4,6.59,Low,63.24,1,C
Rajat Agarwal,CSE20240590,CSE,7,51.5,3.8,83.2,70.8,23.0,9.2,Medium,52.64,1,C
Divya Saxena,CSE20240591,CSE,8,68.4,45.3,35.0,62.8,25.1,3.45,Medium,72.39,1,B
Nisha Das,CSE20240592,CSE,4,71.9,21.9,100.0,54.3,8.6,9.0,Low,61.7,1,C
Sakshi Patel,EE20240593,EE,5,82.8,28.7,78.9,57.7,15.5,6.34,High,62.3,1,C
Arjun Yadav,ECE20240594,ECE,6,84.0,24.3,62.0,36.5,16.4,7.08,Medium,62.48,1,C
Neha Rajput,CE20240595,CE,3,58.8,41.8,86.0,25.1,17.0,9.22,Medium,65.6,1,B
Kunal Nair,EE20240596,EE,5,73.5,0.0,100.0,74.0,11.9,7.21,High,53.69,1,C
Kunal Thakur,EE20240597,EE,5,80.2,27.8,30.3,73.3,24.3,6.92,Medium,65.98,1,B
Mohit Thakur,EE20240598,EE,1,98.2,26.7,57.0,92.9,0.0,6.64,Medium,61.73,1,C
Swati Saxena,EE20240599,EE,8,84.7,22.6,9.7,40.6,10.6,5.33,High,42.14,1,D
Simran Yadav,EE20240600,EE,3,86.2,48.7,66.2,73.2,17.6,6.15,Low,85.25,1,A
Gaurav Jain,ME20240601,ME,7,73.5,17.4,70.0,51.8,17.7,4.91,Low,56.86,1,C
Nikhil Reddy,CE20240602,CE,6,97.4,37.3,61.1,84.2,24.8,6.12,High,76.98,1,B
Bhavna Pandey,EE20240603,EE,3,79.4,32.3,47.6,80.5,23.6,2.0,Medium,61.63,1,C
Anjali Malhotra,CE20240604,CE,7,56.5,43.1,16.9,62.6,11.7,6.97,High,63.68,1,C
Tanvi Chauhan,ME20240605,ME,5,97.3,20.0,70.2,50.5,24.4,5.98,None,67.5,1,B
Gaurav Joshi,ME20240606,ME,6,84.6,19.2,94.0,79.1,8.3,5.59,Medium,60.67,1,C
Anjali Khanna,CE20240607,CE,7,64.0,41.2,49.0,72.2,21.4,6.6,None,68.66,1,B
Ankit Malhotra,CSE20240608,CSE,4,63.4,33.1,71.7,42.9,28.5,3.62,Medium,57.94,1,C
Jyoti Chopra,ECE20240609,ECE,7,77.3,9.5,27.5,28.8,23.7,9.67,None,48.14,1,D
Sonal Agarwal,CSE20240610,CSE,1,80.3,21.5,72.1,51.7,14.8,6.02,None,58.91,1,C
Aditya Gupta,CSE20240611,CSE,8,75.6,32.6,53.3,91.3,11.3,5.94,None,64.81,1,C
Deepak Kapoor,CSE20240612,CSE,5,77.6,38.1,45.2,83.2,1.8,4.46,Medium,66.15,1,B
Vikram Agarwal,EE20240613,EE,7,100.0,19.8,45.3,33.5,16.5,6.24,Low,58.14,1,C
Rahul Chopra,ME20240614,ME,8,91.3,0.0,53.3,32.3,5.1,8.7,None,37.88,0,F
Tushar Verma,CSE20240615,CSE,2,75.4,34.3,70.4,86.0,7.7,8.06,Low,63.42,1,C
Priya Srivastava,ME20240616,ME,2,88.9,13.4,33.1,33.0,4.5,7.74,None,45.28,1,D
Priya Khanna,CE20240617,CE,8,53.4,3.8,53.3,69.2,10.3,7.18,High,56.44,1,C
Pooja Yadav,ECE20240618,ECE,8,79.2,0.0,61.1,44.4,13.8,5.55,Low,39.68,0,F
Priya Chauhan,CE20240619,CE,1,100.0,37.8,37.8,93.6,16.2,3.59,Low,67.5,1,B
Divya Kapoor,CE20240620,CE,4,68.1,29.5,100.0,41.1,9.2,5.84,High,60.91,1,C
Swati Bhatia,EE20240621,EE,5,56.7,25.3,43.2,83.2,22.6,5.78,Medium,56.0,1,C
Amit Pandey,ECE20240622,ECE,3,60.3,44.7,47.3,62.1,12.3,8.09,Medium,68.42,1,B
Komal Kumar,CE20240623,CE,1,52.4,35.6,40.5,63.5,7.7,6.76,Medium,64.45,1,C
Deepak Malhotra,CE20240624,CE,4,57.9,47.4,100.0,14.7,15.8,9.1,High,75.36,1,B
Tanvi Nair,ECE20240625,ECE,8,65.3,11.3,74.2,9.5,29.7,8.36,Low,47.71,1,D
Gaurav Gupta,ECE20240626,ECE,3,46.7,27.6,41.4,53.1,16.7,5.38,High,66.33,1,B
Priya Dubey,CE20240627,CE,8,72.3,8.6,86.3,63.4,11.1,2.97,High,51.84,1,C
Deepak Jain,ECE20240628,ECE,8,88.2,25.2,66.4,33.2,1.8,8.69,Medium,57.28,1,C
Rashmi Dubey,CE20240629,CE,2,55.7,25.0,67.7,34.0,12.2,8.65,Medium,63.48,1,C
Harsh Patel,CE20240630,CE,2,99.3,35.5,54.4,70.4,15.9,3.74,Medium,65.07,1,B
Swati Dubey,EE20240631,EE,3,81.2,28.5,45.5,70.4,10.9,8.92,None,72.29,1,B
Tanvi Pillai,CSE20240632,CSE,1,90.6,35.5,69.4,55.0,0.7,6.89,Low,61.19,1,C
Akash Thakur,CE20240633,CE,2,60.2,36.4,50.0,75.2,7.2,6.49,High,70.71,1,B
Rashmi Mehta,ME20240634,ME,5,87.4,50.0,100.0,32.2,25.6,9.11,Medium,84.88,1,A
Pooja Tiwari,CSE20240635,CSE,8,52.3,24.2,34.1,50.2,25.5,8.62,Low,61.47,1,C
Rashmi Chauhan,CSE20240636,CSE,6,88.0,16.7,95.8,94.3,6.9,7.37,Medium,78.25,1,B
Akash Verma,CSE20240637,CSE,7,75.1,31.0,59.6,59.5,19.4,7.05,Medium,59.65,1,C
Harsh Thakur,EE20240638,EE,3,82.0,18.4,68.6,60.8,4.6,7.31,None,63.5,1,C
Varun Chopra,CE20240639,CE,3,50.8,45.8,80.3,100.0,25.2,5.48,Medium,69.08,1,B
Kavita Agarwal,EE20240640,EE,2,55.9,24.6,48.1,27.2,16.0,6.1,Medium,44.19,1,D
Arjun Khanna,CE20240641,CE,1,82.8,21.2,81.0,75.5,21.6,4.58,None,58.89,1,C
Sneha Thakur,EE20240642,EE,8,54.9,22.3,2.4,94.6,0.3,5.6,High,50.67,1,C
Preeti Patel,EE20240643,EE,5,80.3,36.6,46.2,50.9,19.4,5.54,Low,62.75,1,C
Vivek Chopra,ME20240644,ME,1,47.4,26.1,41.7,76.9,13.9,5.06,Low,51.05,1,C
Nisha Srivastava,EE20240645,EE,4,87.3,20.3,34.4,36.4,20.8,6.45,None,53.84,1,C
Jyoti Bhatia,ECE20240646,ECE,4,49.8,48.0,57.3,42.9,21.3,5.62,Medium,67.2,1,B
Preeti Dubey,ME20240647,ME,6,81.9,17.7,70.5,66.5,14.5,7.1,Low,63.9,1,C
Kavita Saxena,EE20240648,EE,2,83.3,28.4,77.5,75.6,9.2,3.28,Low,67.02,1,B
Manish Chopra,CSE20240649,CSE,2,59.5,35.8,67.3,82.7,20.2,6.0,High,78.45,1,B
Vivek Kumar,ECE20240650,ECE,2,82.5,8.4,47.4,92.5,13.5,6.44,None,54.61,1,C
Pooja Pillai,ECE20240651,ECE,6,76.7,33.8,70.1,56.5,7.0,5.64,Medium,60.33,1,C
Mohit Bhatia,ECE20240652,ECE,4,62.3,15.3,64.7,84.3,6.6,5.89,Medium,57.51,1,C
Swati Thakur,ME20240653,ME,1,53.8,37.9,82.6,50.5,2.2,3.35,High,52.53,1,C
Vivek Agarwal,EE20240654,EE,6,36.7,16.4,79.1,77.8,9.9,6.84,Medium,49.92,1,D
Nikhil Sharma,EE20240655,EE,6,78.3,36.3,62.7,62.6,22.8,7.37,None,74.36,1,B
Rohan Kapoor,CSE20240656,CSE,1,43.8,41.3,42.3,67.8,15.4,7.09,None,59.79,1,C
Nisha Rajput,CSE20240657,CSE,2,73.7,38.3,47.6,67.3,9.8,8.07,High,62.64,1,C
Vivek Iyer,ECE20240658,ECE,5,67.3,31.0,49.9,22.7,20.4,6.56,High,50.34,1,C
Deepak Nair,CSE20240659,CSE,1,84.2,25.2,55.1,33.3,7.3,7.06,Low,55.86,1,C
Suresh Reddy,ME20240660,ME,4,66.6,21.1,67.9,60.3,14.8,6.48,Medium,63.73,1,C
Harsh Iyer,EE20240661,EE,3,66.1,45.7,77.7,20.9,12.6,7.44,Low,71.31,1,B
Jyoti Iyer,ECE20240662,ECE,8,85.2,19.6,60.9,76.3,20.2,3.36,High,61.06,1,C
Sakshi Mishra,CSE20240663,CSE,3,78.0,15.6,62.4,77.2,1.4,4.59,High,64.62,1,C
Priya Thakur,ME20240664,ME,7,77.7,36.0,65.2,65.2,7.2,9.06,High,70.97,1,B
Karan Chauhan,ME20240665,ME,7,80.4,18.4,50.7,33.3,0.9,1.77,High,43.07,1,D
Mohit Chopra,CSE20240666,CSE,6,44.4,16.6,41.6,88.4,11.9,5.95,High,38.74,0,F
Rajat Rajput,EE20240667,EE,8,85.6,10.7,23.4,100.0,23.7,8.31,Low,57.63,1,C
Harsh Kapoor,CSE20240668,CSE,3,83.0,22.2,46.7,61.2,10.0,6.03,High,62.69,1,C
Megha Khanna,ECE20240669,ECE,5,53.7,27.0,72.4,69.2,9.9,5.47,Medium,65.48,1,B
Divya Bhatia,CSE20240670,CSE,2,67.6,30.9,46.5,62.4,21.0,6.43,High,59.05,1,C
Ankita Rajput,ME20240671,ME,4,71.3,39.4,56.8,69.7,22.5,5.56,Medium,70.71,1,B
Sakshi Kapoor,CSE20240672,CSE,7,69.6,34.3,72.3,55.4,13.3,6.26,None,68.17,1,B
Gaurav Agarwal,EE20240673,EE,5,78.0,25.7,73.5,57.2,19.5,4.97,Medium,61.94,1,C
Akash Gupta,CE20240674,CE,4,97.8,25.6,38.3,77.9,5.4,8.2,Medium,53.52,1,C
Ankita Verma,CSE20240675,CSE,4,91.5,34.1,83.9,100.0,25.0,8.76,Low,84.06,1,A
Sonal Agarwal,EE20240676,EE,2,48.4,43.3,86.8,27.2,31.2,5.96,Low,69.48,1,B
Priya Thakur,EE20240677,EE,8,83.2,29.5,37.1,55.7,18.2,3.7,Medium,52.17,1,C
Sakshi Mishra,ME20240678,ME,6,95.9,22.4,43.9,32.0,0.0,5.26,Low,48.88,1,D
Amit Thakur,EE20240679,EE,3,79.0,16.1,88.2,93.0,9.5,5.87,Low,56.93,1,C
Ishita Patel,EE20240680,EE,2,91.6,10.7,58.8,45.1,18.9,7.11,None,41.79,1,D
Jyoti Yadav,EE20240681,EE,5,100.0,36.0,13.2,26.2,10.6,4.39,High,61.28,1,C
Nisha Chauhan,EE20240682,EE,6,90.4,34.9,31.2,72.0,24.2,4.82,Medium,65.77,1,B
Mohit Mehta,ECE20240683,ECE,5,76.5,34.9,56.5,96.4,18.7,7.12,None,79.03,1,B
Kavita Mishra,ECE20240684,ECE,6,90.8,26.5,36.4,72.6,8.3,7.89,Medium,67.46,1,B
Akash Rajput,ME20240685,ME,8,74.6,44.9,52.9,62.5,14.3,5.08,Medium,65.6,1,B
Vikram Dubey,CSE20240686,CSE,7,72.4,22.2,62.7,67.0,6.8,3.8,None,52.02,1,C
Amit Jain,EE20240687,EE,5,65.7,39.5,94.2,89.1,12.5,10.0,Low,81.84,1,A
Rohan Malhotra,CSE20240688,CSE,2,100.0,27.5,55.6,38.8,9.6,7.61,Medium,68.06,1,B
Shruti Kapoor,CSE20240689,CSE,6,57.3,20.7,85.6,55.5,23.4,5.72,Low,59.52,1,C
Pooja Agarwal,ME20240690,ME,6,99.6,35.1,93.4,48.0,30.9,7.76,Medium,85.07,1,A
Komal Rajput,EE20240691,EE,4,81.0,32.9,93.6,32.3,2.6,5.98,Low,60.17,1,C
Deepak Malhotra,EE20240692,EE,4,46.8,32.3,68.3,50.8,0.0,7.76,None,50.03,1,C
Anjali Malhotra,CE20240693,CE,1,78.6,29.0,18.8,82.4,12.0,6.49,High,60.81,1,C
Neha Jain,CSE20240694,CSE,5,34.2,27.5,72.1,70.5,1.9,6.36,Low,53.52,1,C
Simran Dubey,CSE20240695,CSE,4,83.3,50.0,85.1,72.2,14.4,6.0,Medium,73.35,1,B
Ankit Tiwari,ECE20240696,ECE,1,87.9,42.2,60.2,61.2,20.0,3.59,None,60.59,1,C
Rahul Bhatia,CE20240697,CE,7,61.3,36.7,100.0,69.5,26.0,9.69,Low,79.81,1,B
Pankaj Nair,ECE20240698,ECE,7,74.2,29.3,80.9,40.4,15.6,4.51,Low,56.82,1,C
Neha Malhotra,ECE20240699,ECE,4,100.0,40.1,74.5,51.2,12.5,3.75,None,66.83,1,B
Tushar Joshi,ECE20240700,ECE,5,62.9,34.2,85.9,62.2,0.0,5.82,Low,59.33,1,C
Pankaj Yadav,ME20240701,ME,6,52.9,28.3,69.3,64.1,14.2,4.47,None,62.6,1,C
Preeti Gupta,ME20240702,ME,3,98.7,24.4,7.2,65.0,14.6,6.11,Medium,63.39,1,C
Tushar Singh,ECE20240703,ECE,8,100.0,27.0,51.0,55.0,19.1,7.44,Medium,60.65,1,C
Neha Yadav,CE20240704,CE,5,72.1,0.0,88.3,49.7,8.3,7.99,None,46.52,1,D
Shruti Bhatia,CSE20240705,CSE,8,90.2,30.5,44.2,100.0,10.5,7.67,High,76.3,1,B
Ankita Chauhan,CE20240706,CE,2,96.1,22.1,57.1,77.9,2.2,5.65,None,62.55,1,C
Komal Sharma,EE20240707,EE,7,58.6,47.1,39.0,67.1,0.0,6.29,Low,60.91,1,C
Nikhil Reddy,ME20240708,ME,4,63.3,28.2,100.0,52.9,5.1,6.93,Medium,57.18,1,C
Rahul Malhotra,CSE20240709,CSE,4,94.2,13.7,99.0,48.1,1.4,3.04,Low,49.75,1,D
Nikhil Pillai,CSE20240710,CSE,8,100.0,27.4,42.6,55.1,16.7,7.23,Low,61.29,1,C
Ishita Khanna,EE20240711,EE,6,82.1,15.4,65.2,64.4,9.9,3.58,None,52.79,1,C
Amit Bhatia,EE20240712,EE,8,56.2,33.7,47.0,16.6,9.7,9.87,High,66.38,1,B
Aditya Reddy,ECE20240713,ECE,2,100.0,31.5,75.5,23.5,6.1,5.47,Medium,58.4,1,C
Jyoti Pillai,ME20240714,ME,6,62.4,39.5,73.2,44.0,0.0,5.87,None,53.48,1,C
Deepak Mishra,ME20240715,ME,2,66.0,18.5,79.9,62.6,26.1,4.81,Low,57.52,1,C
Pooja Yadav,CE20240716,CE,3,78.2,28.4,69.3,52.7,6.0,5.07,High,65.4,1,B
Rashmi Bhatia,ECE20240717,ECE,7,100.0,11.6,100.0,90.5,10.7,10.0,Medium,66.32,1,B
Kavita Chopra,ECE20240718,ECE,4,87.4,36.4,39.4,25.4,2.4,7.89,None,65.1,1,B
Ritu Mehta,ECE20240719,ECE,4,79.5,34.2,24.4,41.5,21.8,3.41,Low,53.09,1,C
Komal Tiwari,ECE20240720,ECE,3,80.3,33.9,53.4,91.4,15.1,8.91,Low,68.7,1,B
Kunal Gupta,ME20240721,ME,1,72.8,28.0,27.5,60.9,7.4,8.35,Medium,49.69,1,D
Rahul Chauhan,ME20240722,ME,7,82.0,33.0,29.2,77.5,10.9,5.69,High,66.7,1,B
Sakshi Srivastava,ECE20240723,ECE,6,26.5,47.3,40.0,100.0,27.4,6.75,Low,66.57,1,B
Sakshi Pillai,CE20240724,CE,3,66.7,24.6,41.7,42.7,13.4,6.17,Low,52.26,1,C
Nikhil Malhotra,CSE20240725,CSE,6,76.3,29.7,41.0,55.8,12.5,9.75,High,60.88,1,C
Divya Singh,CSE20240726,CSE,8,51.3,15.0,73.4,52.0,6.5,4.77,Medium,45.25,1,D
Vikram Chopra,CE20240727,CE,5,79.0,17.6,50.9,15.0,0.0,6.46,Medium,43.24,1,D
Mohit Srivastava,ECE20240728,ECE,4,68.3,29.2,58.1,51.2,12.7,5.43,Low,55.97,1,C
Bhavna Bhatia,ME20240729,ME,6,100.0,41.2,81.7,77.4,16.6,3.62,Medium,72.2,1,B
Nisha Singh,CSE20240730,CSE,2,100.0,24.9,45.1,69.9,22.8,10.0,Medium,64.23,1,C
Jyoti Nair,EE20240731,EE,6,63.6,25.2,56.2,71.6,0.0,4.07,Low,64.74,1,C
Shruti Verma,EE20240732,EE,5,69.3,23.1,70.0,49.7,5.0,6.6,High,50.7,1,C
Ankit Jain,CE20240733,CE,7,70.7,21.6,19.3,43.6,9.4,3.07,High,45.24,1,D
Mohit Agarwal,ECE20240734,ECE,4,63.9,31.5,9.5,85.9,14.0,5.48,Medium,47.2,1,D
Karan Iyer,CSE20240735,CSE,8,75.5,10.0,69.6,47.1,12.8,6.96,Medium,42.76,1,D
Preeti Kumar,ECE20240736,ECE,3,58.4,43.4,72.8,64.5,13.0,4.72,Low,65.29,1,B
Manish Pillai,CSE20240737,CSE,8,51.6,20.0,100.0,61.6,17.3,7.26,None,60.65,1,C
Rajat Bhatia,CE20240738,CE,5,83.2,36.7,65.5,90.2,6.8,5.72,Low,75.43,1,B
Aarti Agarwal,CE20240739,CE,4,83.3,12.8,80.0,79.4,21.5,8.29,Medium,68.28,1,B
Pooja Reddy,EE20240740,EE,6,57.5,36.0,57.7,29.5,17.5,8.65,Low,59.68,1,C
Siddharth Singh,ECE20240741,ECE,7,88.1,36.1,68.5,31.9,11.4,5.14,High,59.54,1,C
Vivek Kapoor,EE20240742,EE,1,60.6,32.6,98.7,70.7,26.8,6.34,None,77.54,1,B
Pankaj Das,ECE20240743,ECE,7,76.6,16.1,15.3,56.6,26.5,6.53,Medium,56.72,1,C
Arjun Pandey,EE20240744,EE,1,86.8,31.0,71.1,48.0,21.5,7.31,Medium,62.33,1,C
Rahul Gupta,ME20240745,ME,2,71.4,13.8,100.0,80.3,0.0,6.23,Medium,59.26,1,C
Ishita Malhotra,ME20240746,ME,7,80.2,25.0,68.2,62.1,26.6,6.54,High,68.27,1,B
Tushar Nair,ME20240747,ME,4,62.7,40.4,98.3,59.2,20.4,5.76,High,71.38,1,B
Sonal Malhotra,ME20240748,ME,1,68.5,37.6,48.2,75.2,30.1,6.41,None,72.01,1,B
Suresh Saxena,CSE20240749,CSE,3,68.3,28.2,61.3,49.7,23.9,8.54,None,67.35,1,B
Aarti Mehta,ME20240750,ME,4,58.6,16.3,62.7,92.5,26.6,7.36,None,59.89,1,C
Akash Reddy,CE20240751,CE,3,68.8,35.7,13.2,40.7,21.0,7.46,Medium,56.23,1,C
Vikram Mishra,CE20240752,CE,7,44.1,28.2,36.3,72.5,24.8,7.5,Low,64.68,1,C
Akash Das,CSE20240753,CSE,3,63.2,0.2,37.9,89.5,30.0,5.92,Medium,54.39,1,C
Kunal Jain,ME20240754,ME,1,66.9,37.4,80.1,27.7,15.7,6.77,Low,63.19,1,C
Preeti Pandey,ME20240755,ME,4,67.4,27.7,81.2,50.4,1.4,4.25,Medium,47.15,1,D
Tushar Reddy,ME20240756,ME,6,67.7,42.4,69.1,83.1,11.5,8.48,Medium,76.39,1,B
Neha Kapoor,EE20240757,EE,5,70.9,14.9,80.1,83.5,17.1,1.19,Medium,57.22,1,C
Ankita Srivastava,ECE20240758,ECE,1,80.6,0.0,58.4,54.2,14.6,6.04,Medium,33.45,0,F
Deepak Mishra,EE20240759,EE,1,87.7,31.3,88.4,41.8,4.0,8.25,None,67.35,1,B
Manish Pillai,ECE20240760,ECE,6,60.3,31.5,62.2,79.0,1.0,3.75,Low,53.28,1,C
Tanvi Khanna,ME20240761,ME,4,50.3,7.7,63.3,84.0,8.1,6.92,Medium,48.81,1,D
Aman Agarwal,ME20240762,ME,4,53.2,16.3,56.2,32.4,20.5,4.97,Low,40.62,1,D
Amit Pandey,EE20240763,EE,8,63.2,50.0,77.1,31.5,26.6,5.54,High,71.15,1,B
Rahul Iyer,EE20240764,EE,7,65.7,24.3,52.7,63.0,21.3,7.9,High,69.78,1,B
Kunal Nair,ECE20240765,ECE,3,58.1,36.8,83.5,71.8,22.5,6.56,High,69.55,1,B
Simran Saxena,CE20240766,CE,7,48.7,20.2,37.1,51.4,13.4,2.54,Low,45.6,1,D
Sonal Reddy,ECE20240767,ECE,6,63.8,2.9,37.8,72.9,0.1,4.44,Medium,34.97,0,F
Aditya Tiwari,EE20240768,EE,7,75.3,26.0,77.1,42.4,10.4,7.96,Low,64.82,1,C
Aarti Kumar,EE20240769,EE,6,82.7,24.8,60.1,11.5,11.9,7.01,Low,53.68,1,C
Mohit Singh,CSE20240770,CSE,4,62.0,23.2,52.0,48.7,10.0,9.35,Low,57.89,1,C
Suresh Bhatia,EE20240771,EE,3,64.6,26.6,81.6,59.4,14.4,9.23,None,64.85,1,C
Neha Joshi,CSE20240772,CSE,7,55.3,31.2,48.6,51.9,17.5,5.58,Low,58.19,1,C
Ankit Tiwari,CE20240773,CE,1,71.4,26.2,57.6,32.5,20.8,10.0,Low,48.76,1,D
Pooja Tiwari,ECE20240774,ECE,2,56.7,12.8,92.8,18.1,11.8,6.24,High,42.59,1,D
Amit Chopra,ECE20240775,ECE,8,82.3,33.8,95.9,46.7,0.0,4.47,Low,64.04,1,C
Divya Mehta,CSE20240776,CSE,5,39.9,4.6,96.6,77.7,10.1,5.06,High,39.32,0,F
Ritu Patel,ECE20240777,ECE,1,65.5,3.4,55.8,85.6,14.3,2.14,Low,40.64,1,D
Bhavna Pillai,EE20240778,EE,4,77.4,36.9,89.1,84.1,23.8,9.09,None,79.22,1,B
Swati Pandey,ME20240779,ME,5,75.3,34.1,41.1,40.0,9.5,9.07,Medium,57.61,1,C
Tushar Patel,CSE20240780,CSE,2,100.0,27.3,42.0,32.6,18.1,4.37,Medium,53.96,1,C
Ishita Mehta,ECE20240781,ECE,2,78.3,11.3,10.3,68.9,16.3,5.79,None,47.31,1,D
Pooja Iyer,CSE20240782,CSE,3,53.9,19.5,98.8,72.0,14.4,6.37,Low,64.85,1,C
Aditya Gupta,CSE20240783,CSE,5,70.3,24.8,43.0,66.8,21.4,4.47,Low,50.69,1,C
Kavita Pillai,ME20240784,ME,3,40.0,8.8,59.2,13.7,8.7,3.04,Low,27.69,0,F
Ishita Kumar,EE20240785,EE,1,70.5,19.1,42.0,38.9,9.4,5.82,Medium,44.71,1,D
Mohit Pillai,CSE20240786,CSE,6,57.0,35.8,77.3,57.3,13.9,5.62,Medium,50.79,1,C
Amit Srivastava,ECE20240787,ECE,6,88.5,45.1,53.7,68.7,8.9,5.5,None,69.79,1,B
Ritu Das,CE20240788,CE,6,62.1,23.0,33.3,74.9,18.1,6.6,High,62.25,1,C
Rashmi Chopra,CSE20240789,CSE,5,69.9,37.1,71.7,61.2,8.3,8.77,Low,73.28,1,B
Ankita Chopra,CSE20240790,CSE,6,60.6,5.0,30.5,65.3,15.8,5.65,Medium,38.56,0,F
Jyoti Iyer,ME20240791,ME,1,100.0,35.9,43.6,59.9,13.2,6.51,Medium,61.78,1,C
Pankaj Sharma,EE20240792,EE,3,66.2,18.4,15.6,73.1,15.7,7.51,High,54.04,1,C
Nikhil Patel,CE20240793,CE,5,100.0,31.7,30.7,64.9,10.3,7.2,Low,68.21,1,B
Sneha Mishra,ECE20240794,ECE,3,86.7,25.0,65.9,59.4,11.3,5.09,Medium,61.37,1,C
Karan Nair,CE20240795,CE,5,80.7,43.8,18.8,52.1,14.8,6.37,Low,63.88,1,C
Shruti Pillai,ECE20240796,ECE,3,78.6,17.5,29.4,59.8,15.6,7.19,Medium,59.74,1,C
Bhavna Singh,EE20240797,EE,2,79.1,35.5,61.9,68.7,14.0,4.17,Low,59.72,1,C
Sonal Patel,ECE20240798,ECE,3,37.3,24.6,50.0,63.9,27.6,8.47,Low,55.85,1,C
Manish Singh,ME20240799,ME,6,67.0,26.1,100.0,66.4,6.1,8.78,High,77.28,1,B
Manish Kumar,ME20240800,ME,2,87.2,25.8,100.0,87.5,13.5,4.9,None,68.21,1,B
Sonal Joshi,ME20240801,ME,3,71.1,17.9,42.9,63.8,1.4,6.55,High,46.01,1,D
Siddharth Yadav,ME20240802,ME,5,46.7,27.8,74.3,43.7,17.0,7.36,High,55.88,1,C
Karan Kumar,CE20240803,CE,5,71.1,27.2,78.5,77.4,5.1,5.22,Medium,57.12,1,C
Anjali Mishra,EE20240804,EE,8,100.0,30.9,48.9,27.9,11.8,7.07,Low,62.81,1,C
Aman Yadav,ECE20240805,ECE,5,94.4,29.0,29.1,34.2,11.0,6.49,Low,51.38,1,C
Preeti Yadav,ECE20240806,ECE,4,70.9,37.6,61.7,65.4,16.2,3.56,High,65.79,1,B
Arjun Kumar,ME20240807,ME,1,89.1,39.1,58.2,69.4,9.6,7.03,None,65.77,1,B
Suresh Reddy,ME20240808,ME,5,65.4,15.4,52.4,30.6,9.2,4.22,Medium,32.74,0,F
Vivek Reddy,CSE20240809,CSE,2,41.3,38.4,71.7,49.6,25.5,7.89,Medium,66.9,1,B
Bhavna Malhotra,EE20240810,EE,8,55.4,13.8,45.5,44.7,16.3,4.99,High,46.81,1,D
Sakshi Verma,CE20240811,CE,5,100.0,35.1,36.7,47.3,9.5,5.91,Medium,65.48,1,B
Aman Patel,ECE20240812,ECE,4,67.1,35.4,64.4,78.8,12.0,8.67,Medium,66.74,1,B
Nisha Joshi,CSE20240813,CSE,6,67.6,5.1,70.5,73.5,27.2,7.09,None,51.21,1,C
Pankaj Chopra,CSE20240814,CSE,2,66.6,29.1,36.1,57.6,12.1,4.26,Low,53.85,1,C
Bhavna Chauhan,ECE20240815,ECE,4,100.0,22.4,82.4,46.0,8.5,4.37,None,66.74,1,B
Aman Kumar,CE20240816,CE,6,100.0,18.9,23.0,28.3,8.5,5.12,High,50.01,1,C
Preeti Sharma,CSE20240817,CSE,7,100.0,44.2,49.3,89.2,9.6,6.91,Medium,79.26,1,B
Aditya Malhotra,CSE20240818,CSE,7,69.1,20.2,56.3,71.0,9.2,6.84,Medium,55.47,1,C
Simran Sharma,EE20240819,EE,2,77.3,18.3,48.0,42.5,3.8,4.68,Medium,39.94,0,F
Komal Bhatia,CE20240820,CE,3,44.7,28.9,49.6,73.8,5.0,4.1,Medium,55.64,1,C
Pankaj Pillai,CSE20240821,CSE,1,98.6,36.2,100.0,56.5,7.4,6.71,None,77.75,1,B
Ishita Thakur,CE20240822,CE,8,51.0,26.3,43.3,51.7,18.7,5.87,Low,55.13,1,C
Ishita Malhotra,ECE20240823,ECE,1,75.9,42.0,100.0,67.6,11.0,10.0,None,78.16,1,B
Shruti Jain,ME20240824,ME,4,52.2,34.4,71.6,41.7,12.3,6.27,Medium,61.6,1,C
Akash Pillai,CSE20240825,CSE,6,61.4,1.9,64.0,50.4,24.2,9.47,None,55.11,1,C
Tanvi Dubey,EE20240826,EE,1,56.9,21.6,72.5,60.7,24.4,4.09,Medium,64.0,1,C
Nisha Agarwal,ECE20240827,ECE,6,61.1,21.3,100.0,47.0,11.7,3.37,Medium,59.34,1,C
Deepak Jain,CE20240828,CE,6,62.3,33.8,40.1,72.7,9.0,4.18,Low,55.62,1,C
Harsh Singh,ECE20240829,ECE,4,62.1,0.0,37.4,99.1,7.1,8.34,None,40.64,1,D
Divya Kapoor,CSE20240830,CSE,4,87.0,50.0,45.4,41.4,19.5,9.36,Low,75.61,1,B
Nisha Thakur,CE20240831,CE,4,52.1,34.4,62.7,21.4,12.4,4.79,Low,52.3,1,C
Sonal Mehta,ME20240832,ME,1,76.0,29.8,24.0,14.0,10.9,5.37,Medium,51.63,1,C
Anjali Reddy,ECE20240833,ECE,7,93.9,42.2,62.5,54.7,7.5,4.1,None,72.25,1,B
Akash Sharma,CSE20240834,CSE,4,62.8,50.0,99.3,43.4,7.8,2.94,High,67.85,1,B
Rahul Verma,EE20240835,EE,8,59.1,38.4,65.3,62.6,16.6,7.49,Medium,77.59,1,B
Rashmi Verma,CE20240836,CE,1,67.9,39.4,55.6,60.9,3.5,6.6,None,52.73,1,C
Karan Kumar,ECE20240837,ECE,4,93.2,29.6,48.4,22.7,22.0,6.22,Medium,62.53,1,C
Mohit Verma,ECE20240838,ECE,5,75.5,26.3,81.8,18.1,9.7,3.68,Medium,48.69,1,D
Ankit Chauhan,ME20240839,ME,6,62.4,22.3,43.8,64.5,12.8,9.15,Medium,48.76,1,D
Pooja Bhatia,ME20240840,ME,8,80.7,18.1,100.0,61.0,3.3,5.29,None,57.09,1,C
Pankaj Thakur,EE20240841,EE,4,52.2,19.8,100.0,48.6,13.9,7.16,None,49.56,1,D
Ankit Pillai,EE20240842,EE,2,84.3,11.8,67.6,21.5,11.4,3.58,Low,44.04,1,D
Nisha Malhotra,CSE20240843,CSE,6,79.4,27.1,61.7,68.4,13.6,5.86,Low,61.81,1,C
Komal Gupta,CSE20240844,CSE,6,66.5,7.8,84.7,86.0,25.8,6.72,Medium,66.43,1,B
Siddharth Tiwari,EE20240845,EE,4,56.9,30.3,86.1,64.1,15.4,6.79,Medium,57.06,1,C
Vivek Pillai,EE20240846,EE,7,56.0,27.6,44.3,39.4,7.6,6.48,High,56.72,1,C
Manish Mishra,CE20240847,CE,3,81.6,29.8,50.4,59.0,8.3,7.09,None,60.83,1,C
Preeti Khanna,ME20240848,ME,7,94.1,21.7,32.9,27.9,18.8,4.17,None,54.89,1,C
Jyoti Verma,CSE20240849,CSE,4,60.5,50.0,71.0,81.3,24.4,6.56,Medium,75.23,1,B
Nikhil Singh,ME20240850,ME,6,80.3,44.3,76.7,59.8,16.3,6.4,Low,66.2,1,B
Rohan Sharma,ME20240851,ME,8,34.4,13.1,32.3,19.1,19.5,6.62,Low,30.36,0,F
Nikhil Singh,EE20240852,EE,2,61.5,30.8,52.0,51.4,18.9,6.33,Medium,52.47,1,C
Ishita Chauhan,CE20240853,CE,8,71.4,20.7,32.4,68.2,25.4,3.91,None,54.32,1,C
Ankita Jain,ECE20240854,ECE,8,55.6,15.8,42.2,50.7,0.0,3.83,Medium,47.58,1,D
Sonal Srivastava,CE20240855,CE,6,55.1,11.9,74.1,51.9,19.3,2.21,Low,41.69,1,D
Manish Jain,CE20240856,CE,7,60.0,33.2,45.9,31.1,21.9,7.67,Medium,61.78,1,C
Sakshi Chopra,ME20240857,ME,2,77.3,19.8,55.4,70.5,3.3,7.69,High,51.99,1,C
Amit Malhotra,CE20240858,CE,1,68.6,39.6,26.2,43.7,6.9,7.72,None,58.21,1,C
Ishita Iyer,CSE20240859,CSE,5,31.7,39.9,66.1,10.6,7.2,6.75,High,56.06,1,C
Anjali Patel,ME20240860,ME,6,33.8,44.5,61.0,49.8,8.2,2.36,Medium,45.48,1,D
Neha Agarwal,CSE20240861,CSE,4,61.1,17.8,46.0,79.6,10.1,4.35,High,50.99,1,C
Ankit Khanna,ECE20240862,ECE,1,80.2,33.7,57.8,49.5,15.9,6.51,Low,66.8,1,B
Divya Tiwari,ME20240863,ME,5,22.5,35.6,66.0,96.2,20.9,6.44,Medium,48.35,1,D
Neha Agarwal,ECE20240864,ECE,4,63.0,22.3,44.1,67.4,22.7,5.8,Low,62.03,1,C
Nikhil Kapoor,ME20240865,ME,8,62.5,18.7,29.5,65.5,7.3,6.86,Medium,51.48,1,C
Aarti Mehta,EE20240866,EE,3,97.0,47.3,100.0,55.2,7.2,6.22,Medium,82.54,1,A
Aarti Reddy,CE20240867,CE,4,65.1,30.7,48.1,56.5,24.5,6.42,Low,58.25,1,C
Neha Nair,EE20240868,EE,2,78.9,35.6,59.9,52.2,19.2,5.05,High,57.16,1,C
Neha Joshi,ECE20240869,ECE,2,74.5,18.1,84.2,51.4,14.7,7.97,Low,63.09,1,C
Swati Kumar,CE20240870,CE,3,33.6,13.4,100.0,69.7,17.8,5.42,Low,51.54,1,C
Aman Mishra,ME20240871,ME,1,85.8,21.2,34.6,37.4,13.8,3.8,Medium,49.37,1,D
Nikhil Gupta,CE20240872,CE,5,75.9,26.5,71.9,34.3,18.2,4.81,Medium,63.06,1,C
Swati Srivastava,CSE20240873,CSE,4,81.1,15.2,46.4,33.3,11.3,5.57,Low,51.27,1,C
Aarti Sharma,CE20240874,CE,2,100.0,27.9,50.1,100.0,16.2,7.99,Low,82.61,1,A
Priya Chopra,CSE20240875,CSE,1,34.5,7.7,46.2,69.7,1.9,6.12,High,41.56,1,D
Ritu Chauhan,CE20240876,CE,3,100.0,14.6,37.2,64.7,8.5,5.86,Medium,51.54,1,C
Ankita Thakur,CSE20240877,CSE,7,66.8,36.1,61.1,34.7,8.6,3.95,None,52.91,1,C
Akash Singh,ECE20240878,ECE,6,77.2,35.2,29.6,71.7,11.0,7.61,Low,64.98,1,C
Jyoti Sharma,EE20240879,EE,7,71.2,23.3,82.8,55.4,6.6,5.03,High,63.89,1,C
Sneha Kapoor,ME20240880,ME,7,64.4,15.8,63.2,62.7,9.7,6.02,Medium,45.28,1,D
Nikhil Singh,CE20240881,CE,2,61.7,15.7,71.3,36.5,1.9,8.86,High,53.17,1,C
Komal Mishra,EE20240882,EE,8,77.9,23.5,51.7,61.5,18.4,7.12,Low,68.14,1,B
Karan Jain,ME20240883,ME,8,44.7,35.7,53.9,48.7,13.3,3.27,Medium,50.71,1,C
Ankita Gupta,ME20240884,ME,3,85.5,39.1,68.3,41.2,0.4,3.01,Medium,63.85,1,C
Ankit Pandey,CSE20240885,CSE,4,64.5,22.0,36.4,74.2,7.3,6.08,Low,54.4,1,C
Divya Chopra,ECE20240886,ECE,8,51.7,14.2,54.1,24.2,16.7,4.02,Medium,45.67,1,D
Simran Nair,ECE20240887,ECE,7,63.9,31.2,43.1,70.4,9.7,7.37,Medium,56.34,1,C
Gaurav Patel,EE20240888,EE,8,94.6,18.1,42.4,73.1,8.4,6.28,Low,53.29,1,C
Rahul Kumar,ECE20240889,ECE,7,62.4,21.8,15.6,38.6,13.4,6.5,High,47.71,1,D
Rohan Thakur,CE20240890,CE,5,78.5,43.9,91.5,40.0,16.7,4.93,High,64.28,1,C
Tushar Patel,ECE20240891,ECE,2,58.8,37.9,46.9,53.1,2.5,9.33,High,61.98,1,C
Aditya Dubey,EE20240892,EE,2,85.6,29.9,87.6,64.2,18.4,10.0,High,78.7,1,B
Neha Dubey,ECE20240893,ECE,4,84.3,12.7,85.5,54.6,7.6,5.7,Low,64.1,1,C
Aman Kapoor,CE20240894,CE,8,100.0,30.5,33.7,67.5,13.9,6.84,Low,66.68,1,B
Neha Joshi,CSE20240895,CSE,8,68.8,40.8,38.1,96.8,13.7,6.38,High,73.52,1,B
Suresh Patel,EE20240896,EE,6,84.0,23.5,100.0,46.8,9.8,5.73,Low,67.94,1,B
Rohan Chauhan,CSE20240897,CSE,1,73.8,44.2,100.0,20.3,5.8,4.7,Low,59.08,1,C
Aarti Patel,CSE20240898,CSE,5,95.3,43.5,61.3,76.2,11.7,4.25,Medium,71.41,1,B
Ishita Gupta,CSE20240899,CSE,2,59.1,48.0,67.7,95.0,27.0,4.16,None,85.34,1,A
Karan Thakur,ME20240900,ME,5,85.4,31.7,48.1,66.6,3.1,6.93,Medium,62.41,1,C
Swati Yadav,ME20240901,ME,2,68.5,35.0,71.5,34.1,27.5,5.26,Low,67.89,1,B
Suresh Jain,CSE20240902,CSE,5,70.8,45.0,46.2,55.3,11.9,1.56,Low,62.52,1,C
Neha Reddy,EE20240903,EE,3,73.7,33.4,17.3,33.4,14.3,7.0,High,48.73,1,D
Harsh Mishra,CE20240904,CE,7,76.5,22.0,32.9,72.1,5.3,6.13,Medium,55.62,1,C
Pooja Das,CE20240905,CE,2,69.9,22.6,62.5,28.3,7.8,8.62,Medium,56.01,1,C
Karan Yadav,ECE20240906,ECE,5,75.9,30.9,37.1,51.4,10.0,6.87,Medium,59.86,1,C
Jyoti Tiwari,EE20240907,EE,8,100.0,12.5,60.5,35.9,5.6,3.54,High,46.65,1,D
Divya Chauhan,ME20240908,ME,1,89.7,26.3,38.4,60.8,12.3,2.19,Medium,48.25,1,D
Neha Rajput,CSE20240909,CSE,3,87.6,41.2,44.8,49.9,10.7,4.9,Medium,61.47,1,C
Arjun Singh,ECE20240910,ECE,3,63.8,1.7,80.8,61.9,28.8,5.07,High,52.33,1,C
Tanvi Patel,CE20240911,CE,1,56.0,46.4,67.4,58.5,4.7,7.9,None,72.23,1,B
Deepak Joshi,ME20240912,ME,5,89.2,41.5,61.8,36.3,14.8,6.18,High,78.36,1,B
Karan Mehta,ME20240913,ME,8,87.8,22.5,81.3,71.8,16.0,8.24,Low,75.62,1,B
Harsh Bhatia,CSE20240914,CSE,4,98.5,34.5,72.6,56.9,5.4,3.82,Medium,69.26,1,B
Divya Chopra,CE20240915,CE,1,61.1,28.0,93.8,36.3,19.5,7.94,None,57.5,1,C
Rashmi Malhotra,EE20240916,EE,5,67.9,42.8,51.9,100.0,10.8,7.5,Medium,71.17,1,B
Neha Chauhan,ME20240917,ME,1,42.5,39.8,52.5,68.5,0.0,2.57,Medium,52.95,1,C
Aarti Pillai,CSE20240918,CSE,1,64.9,11.2,33.4,54.6,19.3,8.58,High,49.31,1,D
Manish Jain,EE20240919,EE,2,89.9,35.0,52.6,89.1,5.1,6.37,High,73.45,1,B
Nisha Srivastava,CE20240920,CE,5,63.6,25.5,83.2,98.5,5.6,6.91,High,71.09,1,B
Tushar Sharma,ME20240921,ME,4,83.5,29.0,90.6,54.8,19.5,4.64,Low,68.03,1,B
Swati Yadav,EE20240922,EE,7,68.6,19.3,83.1,65.6,11.2,8.5,High,69.35,1,B
Aarti Gupta,EE20240923,EE,2,77.8,49.0,22.5,36.3,21.3,4.07,Low,56.29,1,C
Sonal Das,EE20240924,EE,1,51.3,40.5,85.8,54.8,23.7,7.7,High,76.74,1,B
Ankita Dubey,ME20240925,ME,7,73.5,19.1,21.6,53.6,8.8,7.68,Low,46.27,1,D
Komal Patel,ME20240926,ME,6,18.2,12.0,81.8,62.1,20.3,4.45,Medium,39.77,0,F
Tanvi Chauhan,ECE20240927,ECE,7,68.6,23.4,53.9,65.3,8.0,9.77,High,65.62,1,B
Rashmi Rajput,CE20240928,CE,1,42.7,33.2,77.5,70.3,31.9,6.62,High,74.29,1,B
Rashmi Dubey,CSE20240929,CSE,1,93.7,30.9,32.7,63.2,8.5,7.38,Medium,65.71,1,B
Tushar Tiwari,EE20240930,EE,8,86.0,43.0,87.8,31.4,22.2,3.45,Medium,68.91,1,B
Pooja Mehta,ECE20240931,ECE,5,80.4,37.5,29.8,37.4,20.8,10.0,None,66.66,1,B
Kavita Pandey,CSE20240932,CSE,5,99.4,39.6,47.3,46.0,16.5,4.0,Medium,65.98,1,B
Shruti Agarwal,ECE20240933,ECE,2,54.9,31.9,40.0,51.8,8.6,8.04,Medium,50.78,1,C
Jyoti Iyer,ME20240934,ME,4,100.0,11.3,23.4,81.1,12.8,4.41,None,44.93,1,D
Harsh Gupta,EE20240935,EE,2,88.8,25.7,64.1,32.4,0.0,5.09,None,52.33,1,C
Aman Thakur,CSE20240936,CSE,3,67.7,40.7,100.0,50.1,15.8,7.62,None,72.18,1,B
Jyoti Sharma,CSE20240937,CSE,1,92.4,27.4,100.0,79.0,16.8,8.05,Medium,76.86,1,B
Divya Gupta,CSE20240938,CSE,7,52.1,34.0,64.1,51.4,15.1,3.91,None,57.77,1,C
Megha Singh,CSE20240939,CSE,6,57.2,24.2,86.6,68.1,0.0,8.16,Low,58.41,1,C
Pooja Pillai,CSE20240940,CSE,1,61.0,15.6,67.1,54.9,3.9,8.08,Low,54.71,1,C
Megha Mehta,ECE20240941,ECE,1,62.5,26.5,73.0,63.6,8.0,4.51,Medium,55.78,1,C
Ankita Agarwal,EE20240942,EE,2,53.0,31.7,54.5,53.0,16.3,9.08,Medium,70.89,1,B
Rashmi Tiwari,ME20240943,ME,6,94.0,20.1,66.3,72.7,16.3,3.58,Medium,61.05,1,C
Karan Joshi,ME20240944,ME,6,67.3,25.2,73.8,24.0,12.6,5.08,Medium,64.7,1,C
Nisha Jain,ME20240945,ME,6,78.3,16.7,49.3,50.0,19.1,7.06,Low,56.53,1,C
Rahul Gupta,ME20240946,ME,2,61.7,41.4,60.3,64.5,5.8,4.66,Low,59.63,1,C
Komal Kapoor,ECE20240947,ECE,1,39.2,24.5,60.7,69.7,18.9,6.67,High,52.88,1,C
Mohit Tiwari,CE20240948,CE,2,76.9,45.4,80.2,90.8,17.8,6.63,Low,71.41,1,B
Bhavna Mehta,EE20240949,EE,5,37.6,46.3,38.5,49.4,17.0,5.86,Low,52.44,1,C
Jyoti Rajput,CSE20240950,CSE,5,70.8,27.0,60.9,90.5,12.5,7.7,Medium,62.15,1,C
Sneha Tiwari,CE20240951,CE,2,47.4,15.9,100.0,43.5,28.6,5.79,Low,57.26,1,C
Pankaj Verma,ME20240952,ME,6,100.0,3.0,87.6,87.2,17.9,6.62,High,62.49,1,C
Sneha Thakur,CE20240953,CE,8,88.4,10.3,91.7,76.0,6.3,8.26,Low,63.38,1,C
Sakshi Dubey,EE20240954,EE,1,73.9,11.5,62.5,37.9,16.0,7.62,Medium,58.93,1,C
Shruti Tiwari,CSE20240955,CSE,2,94.7,44.5,69.1,64.8,20.0,7.61,None,77.25,1,B
Ankita Gupta,CSE20240956,CSE,2,56.8,29.4,84.0,56.9,9.3,4.13,Low,66.61,1,B
Pooja Bhatia,EE20240957,EE,2,81.8,32.7,96.3,71.8,22.7,7.14,Low,68.93,1,B
Swati Dubey,EE20240958,EE,8,75.6,1.4,19.1,53.1,17.1,4.62,High,40.1,1,D
Komal Yadav,ME20240959,ME,8,76.8,13.6,33.1,51.2,0.0,3.89,High,40.94,1,D
Nisha Iyer,CSE20240960,CSE,3,94.9,38.6,90.8,88.1,16.4,6.07,Low,83.5,1,A
Megha Kapoor,CE20240961,CE,5,85.2,31.4,55.9,55.8,10.8,4.57,High,50.85,1,C
Sonal Saxena,ECE20240962,ECE,7,77.2,26.2,47.2,76.2,18.3,7.62,Medium,57.34,1,C
Vikram Pandey,ECE20240963,ECE,6,42.2,34.8,34.4,53.0,21.6,7.67,High,58.32,1,C
Preeti Tiwari,EE20240964,EE,4,54.7,47.6,49.8,94.7,15.6,2.78,High,75.24,1,B
Sonal Mishra,ME20240965,ME,8,69.8,25.3,31.1,43.1,27.3,4.71,None,52.76,1,C
Priya Bhatia,ECE20240966,ECE,7,73.7,28.8,100.0,44.5,12.6,3.57,Medium,54.06,1,C
Siddharth Singh,CSE20240967,CSE,8,51.7,30.3,61.5,91.5,19.0,5.37,Medium,56.76,1,C
Rajat Gupta,EE20240968,EE,6,100.0,50.0,60.7,48.2,20.4,7.02,None,85.33,1,A
Aarti Kumar,CE20240969,CE,4,99.3,2.8,74.9,93.2,13.2,5.76,Low,55.81,1,C
Vikram Gupta,EE20240970,EE,3,82.8,36.2,83.2,77.6,20.2,5.14,High,69.83,1,B
Divya Khanna,CE20240971,CE,2,73.3,26.6,82.8,54.6,9.2,8.54,High,74.07,1,B
Shruti Mishra,EE20240972,EE,3,68.2,34.8,85.6,18.1,10.6,2.05,Medium,58.88,1,C
Aditya Rajput,EE20240973,EE,8,54.9,20.1,48.1,57.6,3.5,8.43,High,59.78,1,C
Manish Nair,EE20240974,EE,3,73.4,27.4,55.4,60.2,15.9,5.22,High,55.77,1,C
Sneha Pillai,CE20240975,CE,7,76.6,36.5,78.9,83.7,16.6,6.06,None,63.57,1,C
Rajat Chauhan,CE20240976,CE,1,49.6,50.0,50.4,92.9,23.4,5.25,Low,71.31,1,B
Rajat Gupta,EE20240977,EE,8,78.0,37.7,61.9,42.9,20.3,8.98,None,70.39,1,B
Komal Saxena,ECE20240978,ECE,8,69.2,17.8,70.8,75.6,11.7,3.98,None,55.42,1,C
Ankita Chauhan,ME20240979,ME,7,37.7,22.9,79.3,74.8,4.6,6.22,Low,60.48,1,C
Divya Iyer,ME20240980,ME,5,56.5,22.6,22.9,81.6,17.5,7.15,Medium,46.21,1,D
Swati Srivastava,ME20240981,ME,4,64.6,6.5,77.7,69.0,22.9,3.3,High,56.15,1,C
Rajat Rajput,CE20240982,CE,2,100.0,24.0,56.9,15.3,20.0,4.54,High,52.16,1,C
Mohit Iyer,CE20240983,CE,7,82.0,36.8,77.6,54.6,22.7,5.93,Medium,74.98,1,B
Tushar Verma,ECE20240984,ECE,4,48.0,12.7,79.1,32.6,12.3,4.6,High,43.31,1,D
Sonal Mishra,ME20240985,ME,6,80.7,40.6,97.4,53.5,10.3,4.73,Medium,66.18,1,B
Sakshi Patel,ME20240986,ME,4,44.1,33.9,91.8,79.6,8.1,5.57,High,61.81,1,C
Harsh Agarwal,EE20240987,EE,6,91.5,19.2,91.6,64.7,13.6,7.37,Low,59.07,1,C
Amit Joshi,CE20240988,CE,7,63.5,26.3,93.8,83.3,13.4,5.58,Low,64.84,1,C
Siddharth Khanna,ME20240989,ME,8,70.3,47.2,68.4,65.5,15.7,8.14,High,73.02,1,B
Megha Dubey,ECE20240990,ECE,8,95.9,36.8,62.7,29.4,13.0,4.4,Low,65.68,1,B
Kavita Khanna,ECE20240991,ECE,5,48.8,28.1,81.2,2.5,12.9,3.95,Medium,50.22,1,C
Arjun Dubey,ME20240992,ME,7,46.9,25.1,78.1,61.3,7.8,9.67,Low,68.24,1,B
Rashmi Iyer,CE20240993,CE,6,61.5,28.9,55.2,53.3,21.5,5.02,Medium,59.26,1,C
Manish Jain,ECE20240994,ECE,4,90.7,21.9,70.9,36.5,14.6,3.84,High,60.21,1,C
Vivek Patel,EE20240995,EE,4,44.7,2.7,61.2,20.6,12.6,3.06,None,37.3,0,F
Preeti Sharma,ECE20240996,ECE,6,21.0,50.0,43.2,41.8,8.0,8.14,High,56.02,1,C
Komal Patel,CSE20240997,CSE,3,63.9,29.9,90.4,53.7,3.3,5.59,None,51.11,1,C
Arjun Das,CSE20240998,CSE,5,81.9,32.8,63.2,72.6,24.5,5.74,Low,69.39,1,B
Ishita Agarwal,CE20240999,CE,1,93.6,27.3,100.0,62.1,18.4,5.91,None,63.04,1,C
Tanvi Chauhan,ME20241000,ME,8,63.7,19.2,26.2,93.4,1.0,8.02,Medium,66.33,1,B
Nikhil Agarwal,CE20241001,CE,2,64.6,25.8,49.8,35.2,20.1,5.88,None,59.69,1,C
Divya Srivastava,CE20241002,CE,4,92.8,8.8,62.7,77.4,21.4,10.0,Medium,76.64,1,B
Harsh Bhatia,CE20241003,CE,2,38.3,50.0,87.0,59.0,15.0,6.44,Low,68.78,1,B
Ankit Reddy,CE20241004,CE,1,65.0,13.2,70.8,73.3,26.8,8.11,None,62.83,1,C
Swati Mehta,EE20241005,EE,7,75.4,15.6,68.8,48.4,15.7,7.65,Medium,55.06,1,C
Neha Das,EE20241006,EE,2,80.1,22.7,37.2,81.6,2.7,6.13,Low,59.97,1,C
Komal Rajput,ECE20241007,ECE,1,62.8,43.5,36.5,64.5,16.9,5.14,Low,55.82,1,C
Rajat Mishra,CSE20241008,CSE,8,72.6,28.2,69.1,43.1,16.0,6.8,Low,47.43,1,D
Megha Mishra,CE20241009,CE,6,27.2,13.2,32.0,57.7,9.2,7.12,Medium,36.02,0,F
Pankaj Khanna,ECE20241010,ECE,3,60.2,43.1,50.3,52.7,18.6,5.17,Medium,55.67,1,C
Sonal Dubey,CSE20241011,CSE,8,80.2,36.8,73.0,68.8,0.7,6.5,None,73.02,1,B
Priya Malhotra,ME20241012,ME,4,54.3,34.5,40.4,32.0,21.9,8.43,Low,66.67,1,B
Harsh Khanna,EE20241013,EE,1,73.1,36.6,97.3,57.4,7.0,9.93,Low,66.26,1,B
Manish Jain,CSE20241014,CSE,2,80.0,50.0,88.9,66.7,6.1,7.74,Low,84.43,1,A
Vivek Rajput,ME20241015,ME,4,65.8,50.0,27.4,58.7,13.1,9.55,High,76.43,1,B
Simran Chopra,CSE20241016,CSE,3,75.1,19.8,41.5,87.6,17.5,5.07,Medium,49.92,1,D
Pankaj Malhotra,EE20241017,EE,6,54.7,47.5,11.7,75.0,15.3,7.46,Medium,62.26,1,C
Pooja Srivastava,EE20241018,EE,7,68.3,32.6,44.8,57.8,8.1,8.61,Low,57.89,1,C
Manish Chauhan,ECE20241019,ECE,4,83.0,34.0,78.9,62.8,10.0,4.59,Medium,69.48,1,B
Rahul Sharma,CE20241020,CE,7,74.8,7.7,52.9,64.5,4.9,5.33,High,42.5,1,D
Sonal Chopra,CSE20241021,CSE,1,61.4,26.0,72.1,66.9,12.2,9.33,Medium,64.18,1,C
Sonal Tiwari,CSE20241022,CSE,3,76.0,18.2,28.5,17.8,22.6,4.44,Medium,41.63,1,D
Aarti Singh,ME20241023,ME,2,84.9,37.9,79.6,51.4,14.0,3.79,Medium,68.63,1,B
Kavita Khanna,EE20241024,EE,3,35.1,40.9,49.8,25.3,20.9,8.95,Medium,57.8,1,C
Mohit Nair,CSE20241025,CSE,3,92.9,3.1,62.3,86.1,25.6,8.35,Low,59.14,1,C
Kunal Bhatia,EE20241026,EE,5,65.9,27.7,60.0,56.7,9.3,6.98,Medium,57.76,1,C
Kavita Rajput,CSE20241027,CSE,3,79.7,41.5,34.0,53.7,12.5,6.12,Low,72.83,1,B
Simran Nair,ECE20241028,ECE,3,93.6,25.8,36.6,77.7,31.4,5.41,Medium,64.15,1,C
Karan Pandey,CE20241029,CE,8,47.3,36.7,83.3,67.3,25.6,6.71,High,64.66,1,C
Mohit Verma,CSE20241030,CSE,4,59.2,32.2,70.8,33.2,0.6,9.04,High,63.17,1,C
Ankit Joshi,EE20241031,EE,2,66.8,32.1,85.1,56.4,17.1,6.63,Low,64.64,1,C
Ankit Dubey,ECE20241032,ECE,8,57.9,24.7,69.1,50.6,14.0,10.0,None,53.31,1,C
Akash Verma,CSE20241033,CSE,8,100.0,13.4,65.1,19.6,20.6,4.58,None,62.58,1,C
Vivek Agarwal,ME20241034,ME,4,56.6,14.5,24.0,42.8,8.0,6.16,Medium,39.57,0,F
Simran Srivastava,CE20241035,CE,4,62.0,36.5,56.1,54.0,7.3,5.53,High,58.4,1,C
Rahul Khanna,CSE20241036,CSE,1,75.7,28.2,61.4,55.5,8.6,4.25,Medium,57.6,1,C
Sakshi Pandey,ECE20241037,ECE,4,50.4,26.3,100.0,25.4,9.4,5.92,None,61.92,1,C
Nisha Verma,ME20241038,ME,5,64.9,22.9,77.1,83.3,20.5,6.95,High,58.64,1,C
Sneha Dubey,ECE20241039,ECE,5,77.7,24.3,95.8,55.8,4.6,7.14,High,66.67,1,B
Aditya Gupta,ECE20241040,ECE,8,66.0,40.6,75.1,58.8,9.0,10.0,Low,81.77,1,A
Tanvi Verma,ME20241041,ME,7,70.3,24.0,46.4,66.8,0.0,7.04,Medium,55.74,1,C
Ankita Chauhan,ECE20241042,ECE,1,62.5,11.9,64.6,40.7,22.1,8.27,Medium,47.5,1,D
Komal Srivastava,ME20241043,ME,7,44.7,36.9,67.2,68.0,24.2,6.32,Medium,61.61,1,C
Tushar Yadav,CSE20241044,CSE,7,77.8,25.5,41.3,49.9,11.4,9.22,High,62.7,1,C
Rahul Das,ME20241045,ME,8,100.0,28.4,53.5,38.3,11.6,10.0,None,72.52,1,B
Megha Iyer,ME20241046,ME,6,72.3,47.3,57.5,70.6,17.6,7.16,Medium,72.27,1,B
Ankit Bhatia,CE20241047,CE,8,76.1,27.8,97.3,90.8,25.8,4.41,Medium,76.03,1,B
Swati Gupta,ME20241048,ME,2,84.5,31.5,16.2,73.9,17.3,5.21,High,54.13,1,C
Rahul Kumar,ME20241049,ME,2,49.2,13.9,88.5,78.3,8.4,6.71,High,49.76,1,D
Akash Bhatia,CSE20241050,CSE,4,100.0,25.4,41.4,46.5,1.0,7.02,High,57.25,1,C
Simran Mehta,CE20241051,CE,4,75.6,35.3,31.8,22.9,5.1,7.46,Medium,62.13,1,C
Nikhil Dubey,EE20241052,EE,6,100.0,9.3,88.0,90.8,14.6,7.03,High,69.01,1,B
Divya Das,CSE20241053,CSE,4,58.8,30.4,78.1,100.0,8.8,6.21,Low,67.14,1,B
Harsh Yadav,CSE20241054,CSE,2,100.0,29.2,89.6,91.9,15.6,5.05,Low,75.19,1,B
Jyoti Gupta,EE20241055,EE,7,86.0,28.5,79.6,50.6,9.6,6.92,Low,69.81,1,B
Aman Pillai,ME20241056,ME,8,82.0,40.4,100.0,32.6,5.5,9.54,High,72.12,1,B
Vivek Patel,ECE20241057,ECE,3,76.2,32.0,74.3,34.6,4.6,8.04,High,67.23,1,B
Swati Tiwari,CE20241058,CE,5,67.5,45.7,58.6,21.0,26.5,7.16,Low,62.0,1,C
Suresh Tiwari,ECE20241059,ECE,3,93.6,16.1,69.5,55.6,21.1,8.05,None,72.8,1,B
Ishita Thakur,EE20241060,EE,3,74.5,29.6,89.4,93.3,27.8,5.53,High,71.35,1,B
Megha Pandey,CSE20241061,CSE,2,36.6,29.0,44.9,54.9,18.3,5.29,Medium,46.39,1,D
Harsh Agarwal,CSE20241062,CSE,3,51.9,15.2,47.7,64.7,10.6,4.85,High,50.51,1,C
Pankaj Singh,CE20241063,CE,8,68.7,39.5,55.2,88.3,24.6,5.97,Low,71.02,1,B
Gaurav Patel,CSE20241064,CSE,6,77.6,50.0,15.7,49.1,13.7,5.44,None,63.46,1,C
Pooja Chauhan,CSE20241065,CSE,1,71.0,27.8,65.0,100.0,15.8,8.37,Low,70.99,1,B
Preeti Pandey,CE20241066,CE,4,93.9,34.1,20.5,100.0,13.7,5.34,None,59.89,1,C
Vivek Patel,CE20241067,CE,1,36.9,29.0,63.2,55.1,0.0,4.76,Low,55.33,1,C
Bhavna Agarwal,EE20241068,EE,7,74.6,19.4,81.0,45.3,26.8,9.7,None,69.28,1,B
Varun Joshi,CSE20241069,CSE,8,39.3,6.2,51.5,73.3,17.9,5.39,Low,49.53,1,D
Ankit Patel,CSE20241070,CSE,8,85.7,19.5,98.9,50.4,16.6,6.48,None,60.51,1,C
Deepak Thakur,EE20241071,EE,5,70.3,11.3,29.9,32.6,13.5,7.01,High,48.06,1,D
Simran Khanna,ME20241072,ME,8,79.6,48.4,88.2,86.2,15.3,4.15,Low,77.82,1,B
Ankita Pillai,ME20241073,ME,4,56.5,26.6,76.9,84.8,9.2,8.42,Low,69.93,1,B
Komal Khanna,ME20241074,ME,8,95.0,23.8,24.2,61.4,18.9,7.35,High,68.29,1,B
Vivek Mishra,EE20241075,EE,3,90.8,38.7,100.0,30.2,3.5,9.01,Medium,73.9,1,B
Tushar Thakur,CSE20241076,CSE,5,82.5,14.5,60.6,31.0,15.5,4.98,Medium,42.75,1,D
Nisha Tiwari,EE20241077,EE,4,69.7,18.8,42.7,60.4,18.5,6.38,Medium,63.4,1,C
Mohit Thakur,EE20241078,EE,6,82.4,28.8,31.0,47.0,12.4,6.27,High,60.86,1,C
Pankaj Singh,ME20241079,ME,6,59.3,40.3,57.2,50.5,17.0,6.67,High,62.38,1,C
Kavita Mehta,ECE20241080,ECE,6,87.4,34.0,59.2,80.5,6.1,3.58,Medium,65.86,1,B
Simran Gupta,CSE20241081,CSE,6,100.0,31.0,64.3,74.1,6.3,6.4,High,62.88,1,C
Rashmi Kumar,ME20241082,ME,3,91.3,28.9,55.4,88.3,15.9,3.63,Medium,70.46,1,B
Shruti Mehta,ECE20241083,ECE,8,58.9,32.8,75.9,36.2,19.4,6.85,Low,53.26,1,C
Akash Sharma,ECE20241084,ECE,1,78.5,30.4,53.5,50.4,0.0,2.37,High,51.94,1,C
Karan Saxena,CE20241085,CE,4,48.7,15.6,19.4,74.7,18.2,2.87,Medium,43.23,1,D
Kavita Pillai,CSE20241086,CSE,3,82.3,28.6,58.7,67.9,9.7,7.67,High,71.87,1,B
Simran Patel,ECE20241087,ECE,6,80.1,15.1,9.9,91.7,12.5,5.22,None,50.3,1,C
Simran Chauhan,ME20241088,ME,7,38.3,29.0,69.8,67.3,3.3,4.42,Low,53.85,1,C
Varun Bhatia,CE20241089,CE,8,51.1,22.2,40.5,98.7,7.2,8.49,High,59.59,1,C
Aditya Bhatia,CSE20241090,CSE,1,66.9,50.0,65.6,69.9,21.7,6.79,Low,74.65,1,B
Ankit Kumar,EE20241091,EE,7,66.6,27.5,90.9,81.4,14.3,7.77,High,71.57,1,B
Harsh Jain,ME20241092,ME,5,50.2,11.1,41.1,50.9,10.9,5.9,High,43.02,1,D
Amit Agarwal,ECE20241093,ECE,7,79.0,26.4,85.3,58.3,13.1,10.0,High,63.38,1,C
Siddharth Tiwari,ECE20241094,ECE,5,76.5,34.2,52.5,78.0,17.9,5.11,Medium,61.77,1,C
Bhavna Saxena,ME20241095,ME,5,68.5,48.1,100.0,93.5,17.5,9.34,Medium,87.88,1,A
Swati Thakur,ECE20241096,ECE,6,58.4,20.9,54.0,74.0,13.4,6.09,High,55.57,1,C
Pankaj Dubey,CE20241097,CE,5,90.9,9.0,43.5,56.2,22.7,3.22,Medium,48.86,1,D
Akash Saxena,CSE20241098,CSE,2,100.0,37.8,77.1,88.3,21.8,7.07,Medium,79.65,1,B
Sonal Jain,CE20241099,CE,4,63.3,11.4,52.4,9.8,17.3,6.77,High,40.85,1,D
Ishita Mishra,ECE20241100,ECE,4,61.0,22.8,43.5,26.7,14.4,4.31,Medium,43.23,1,D
Amit Gupta,EE20241101,EE,6,80.8,24.9,51.5,73.0,19.3,4.54,High,60.39,1,C
Rahul Srivastava,CSE20241102,CSE,2,65.6,27.2,61.0,58.3,16.5,6.16,None,58.01,1,C
Preeti Singh,CSE20241103,CSE,7,69.5,36.3,91.5,71.3,22.5,6.83,None,74.31,1,B
Mohit Sharma,ME20241104,ME,3,85.3,19.8,19.5,59.4,21.2,1.75,Low,46.32,1,D
Nisha Rajput,ME20241105,ME,7,37.6,24.7,62.5,70.6,5.9,8.1,Low,48.81,1,D
Sakshi Verma,EE20241106,EE,8,95.7,27.8,75.7,40.1,5.3,5.31,Medium,54.21,1,C
Bhavna Malhotra,CSE20241107,CSE,3,73.3,29.8,66.3,70.6,8.4,3.8,None,70.88,1,B
Divya Pandey,EE20241108,EE,5,64.6,29.2,90.8,79.9,21.8,7.89,High,67.76,1,B
Sneha Yadav,ME20241109,ME,1,70.4,33.2,60.4,84.9,1.4,6.16,Low,59.97,1,C
Bhavna Mehta,ME20241110,ME,3,71.3,38.1,57.9,100.0,17.2,8.39,Low,76.97,1,B
Jyoti Iyer,CSE20241111,CSE,1,40.8,32.7,75.0,63.4,16.9,6.99,Low,62.28,1,C
Ishita Thakur,CE20241112,CE,4,98.9,33.4,64.2,64.0,23.3,6.2,Medium,74.94,1,B
Vikram Agarwal,ECE20241113,ECE,1,72.7,9.0,53.4,24.5,15.4,5.93,None,41.26,1,D
Ankita Malhotra,ME20241114,ME,4,80.0,28.6,73.4,46.3,3.3,7.07,None,60.88,1,C
Karan Chauhan,ME20241115,ME,2,89.1,33.8,47.6,53.8,6.3,5.46,Medium,61.5,1,C
Deepak Gupta,CE20241116,CE,2,53.6,36.7,48.6,81.1,4.5,4.67,None,55.09,1,C
Simran Thakur,CE20241117,CE,6,80.5,19.7,50.4,44.6,9.7,7.3,Low,55.3,1,C
Ankita Nair,EE20241118,EE,6,67.2,20.1,91.8,75.5,12.5,5.94,Medium,67.4,1,B
Akash Dubey,EE20241119,EE,5,87.2,21.1,0.0,58.0,4.7,6.26,None,47.14,1,D
Sakshi Agarwal,ECE20241120,ECE,3,33.7,34.4,70.7,54.1,25.8,8.16,Low,61.77,1,C
Komal Gupta,ECE20241121,ECE,5,70.2,40.4,62.8,63.5,3.4,6.0,None,68.38,1,B
Aarti Gupta,CSE20241122,CSE,4,61.1,23.1,25.0,49.4,24.8,6.23,Low,55.78,1,C
Ankit Nair,EE20241123,EE,5,79.8,38.9,68.8,48.6,23.5,5.12,Medium,75.99,1,B
Nikhil Pillai,ME20241124,ME,1,80.5,29.5,72.5,20.5,21.2,6.98,None,51.79,1,C
Simran Reddy,EE20241125,EE,4,59.3,26.5,75.0,52.5,8.4,6.83,High,64.11,1,C
Megha Chauhan,ME20241126,ME,6,59.2,25.5,3.7,47.4,16.7,7.82,High,54.17,1,C
Aman Khanna,CE20241127,CE,2,70.0,37.0,92.1,46.6,3.8,5.16,None,57.57,1,C
Siddharth Iyer,EE20241128,EE,6,55.9,31.9,45.8,67.2,21.3,5.38,High,61.73,1,C
Manish Thakur,CE20241129,CE,3,87.2,50.0,77.1,72.5,13.4,7.63,Low,85.43,1,A
Anjali Verma,ECE20241130,ECE,4,65.4,17.8,78.3,63.1,10.7,6.65,None,51.69,1,C
Vivek Tiwari,ECE20241131,ECE,4,19.7,34.2,42.7,79.9,4.2,4.57,None,49.55,1,D
Rahul Gupta,CSE20241132,CSE,1,65.3,21.6,76.5,70.7,0.0,8.55,Low,63.62,1,C
Rajat Patel,EE20241133,EE,3,53.3,17.6,53.5,51.5,5.7,3.14,Medium,37.49,0,F
Kunal Dubey,CE20241134,CE,2,42.6,27.9,16.4,47.8,22.9,7.61,Low,49.03,1,D
Aditya Dubey,ME20241135,ME,7,49.7,29.6,87.7,64.9,10.8,3.92,High,60.71,1,C
Vikram Khanna,ECE20241136,ECE,4,74.0,50.0,44.9,70.6,12.6,9.59,Medium,72.18,1,B
Jyoti Mishra,ECE20241137,ECE,4,95.9,25.8,43.2,88.8,19.2,3.42,Low,57.91,1,C
Nisha Pandey,ME20241138,ME,1,77.6,14.4,53.1,84.2,28.4,8.27,Medium,63.64,1,C
Suresh Patel,CE20241139,CE,5,61.1,31.3,68.0,46.1,24.6,6.05,High,67.22,1,B
Ankita Mishra,CE20241140,CE,8,80.2,3.1,60.7,55.8,6.2,5.54,None,48.14,1,D
Swati Verma,EE20241141,EE,2,63.7,26.9,74.1,72.8,0.0,6.53,Low,54.21,1,C
Vikram Iyer,EE20241142,EE,6,59.5,28.2,32.5,81.5,32.9,7.34,Low,66.1,1,B
Megha Thakur,CSE20241143,CSE,3,51.2,37.5,45.7,78.7,32.2,4.57,Low,58.88,1,C
Bhavna Pillai,ECE20241144,ECE,4,40.5,39.7,59.4,56.6,15.5,4.73,Medium,49.77,1,D
Varun Jain,EE20241145,EE,4,65.0,22.0,100.0,30.4,3.8,7.37,Low,54.23,1,C
Vivek Bhatia,CE20241146,CE,6,74.8,26.2,59.5,36.0,21.7,3.13,Medium,59.62,1,C
Varun Kapoor,ME20241147,ME,2,70.3,18.8,85.9,64.0,13.1,5.15,Medium,61.72,1,C
Tushar Kumar,CE20241148,CE,8,64.5,14.5,62.8,65.5,13.1,10.0,Medium,59.16,1,C
Akash Dubey,ECE20241149,ECE,5,55.0,31.7,51.4,33.8,21.2,4.46,None,49.54,1,D
Manish Mehta,CE20241150,CE,4,82.9,12.7,56.6,59.0,16.7,8.27,Low,55.4,1,C
Rohan Chopra,CSE20241151,CSE,8,48.3,23.0,58.3,71.9,4.5,5.15,Low,50.58,1,C
Jyoti Pandey,ECE20241152,ECE,2,86.0,16.1,75.3,32.7,11.4,7.12,Low,50.14,1,C
Arjun Srivastava,ME20241153,ME,6,54.0,34.6,92.2,82.3,19.3,7.38,High,71.43,1,B
Harsh Patel,CSE20241154,CSE,1,58.5,49.6,69.9,49.7,18.1,8.23,Low,70.73,1,B
Arjun Rajput,ECE20241155,ECE,5,45.6,12.4,88.1,85.7,16.1,5.84,None,47.42,1,D
Sneha Tiwari,ME20241156,ME,3,63.0,5.8,40.8,46.3,21.5,9.78,Low,44.92,1,D
Siddharth Verma,CSE20241157,CSE,4,89.6,26.5,52.9,35.4,11.1,5.14,High,59.95,1,C
Rashmi Jain,CSE20241158,CSE,2,81.3,28.2,46.1,47.9,15.4,6.62,Medium,59.79,1,C
Shruti Thakur,ECE20241159,ECE,1,89.6,30.6,68.9,55.9,0.0,6.64,Medium,61.86,1,C
Rohan Patel,EE20241160,EE,3,81.4,22.6,54.1,49.5,10.4,4.18,Low,47.93,1,D
Rajat Verma,CSE20241161,CSE,7,52.1,25.6,78.1,53.2,20.1,5.69,Low,64.86,1,C
Simran Patel,CSE20241162,CSE,2,66.0,32.4,41.5,65.3,10.9,6.49,Medium,55.19,1,C
Nisha Agarwal,ME20241163,ME,2,58.0,40.5,62.9,54.2,10.3,5.42,High,64.38,1,C
Vikram Das,CE20241164,CE,3,96.0,4.5,77.1,56.5,5.7,10.0,Medium,56.98,1,C
Megha Tiwari,ECE20241165,ECE,1,50.5,23.6,16.6,20.4,22.0,4.69,Medium,41.67,1,D
Neha Joshi,ECE20241166,ECE,7,88.1,30.6,100.0,66.6,18.4,8.32,Low,77.78,1,B
Sneha Reddy,EE20241167,EE,8,88.1,17.0,55.8,56.0,20.6,7.74,Low,53.3,1,C
Gaurav Joshi,EE20241168,EE,8,100.0,48.8,17.4,93.4,0.2,6.18,High,73.31,1,B
Harsh Mishra,ECE20241169,ECE,6,64.6,20.4,65.5,37.3,12.7,4.64,Low,55.13,1,C
Kavita Yadav,EE20241170,EE,1,84.8,27.5,62.7,18.2,11.8,4.82,High,64.83,1,C
Vivek Gupta,ME20241171,ME,5,100.0,34.7,60.2,71.6,11.8,5.27,Low,67.82,1,B
Rohan Khanna,ECE20241172,ECE,4,60.9,20.9,83.8,65.6,9.1,2.99,None,52.01,1,C
Komal Sharma,EE20241173,EE,3,44.4,5.8,78.4,35.8,11.2,4.39,Medium,50.85,1,C
Tanvi Pillai,ECE20241174,ECE,6,38.2,22.9,68.6,24.3,20.8,3.53,None,49.19,1,D
Priya Saxena,CE20241175,CE,7,84.8,40.4,71.9,91.8,0.0,8.62,Low,72.06,1,B
Pooja Dubey,CSE20241176,CSE,3,38.1,24.0,59.7,89.1,28.2,7.31,Low,57.36,1,C
Ankita Mehta,ECE20241177,ECE,3,65.3,17.8,100.0,3.3,17.9,7.61,Medium,59.63,1,C
Ishita Verma,CSE20241178,CSE,1,79.9,39.1,29.5,47.9,13.7,7.26,Low,56.9,1,C
Kunal Das,EE20241179,EE,4,75.3,24.0,65.1,94.6,21.3,6.5,None,71.53,1,B
Anjali Mehta,CSE20241180,CSE,5,79.7,21.9,63.4,47.5,2.4,8.83,Medium,60.54,1,C
Priya Srivastava,ECE20241181,ECE,8,76.0,29.8,79.9,47.2,8.7,5.1,Low,62.08,1,C
Ritu Nair,CE20241182,CE,2,95.0,37.2,43.4,51.8,13.0,6.39,High,66.43,1,B
Sonal Bhatia,EE20241183,EE,2,54.9,50.0,23.6,33.3,24.9,7.54,Low,59.4,1,C
Simran Das,ECE20241184,ECE,3,59.8,37.9,65.5,20.5,13.6,3.82,Medium,61.75,1,C
Ritu Das,EE20241185,EE,8,58.1,41.9,68.2,81.2,17.6,10.0,Low,73.65,1,B
Karan Yadav,ME20241186,ME,8,86.9,21.9,94.8,17.5,9.3,6.25,Medium,56.32,1,C
Rajat Gupta,CSE20241187,CSE,4,88.2,15.7,34.1,63.4,17.9,6.46,Medium,55.38,1,C
Kunal Verma,ME20241188,ME,7,80.1,28.7,87.4,77.5,27.4,8.46,High,78.61,1,B
Megha Jain,ECE20241189,ECE,7,93.3,29.3,100.0,26.1,22.0,7.85,None,64.35,1,C
Nisha Srivastava,CE20241190,CE,6,50.8,15.1,53.7,37.7,13.3,6.27,Low,41.83,1,D
Nikhil Mishra,EE20241191,EE,1,100.0,25.9,33.6,84.7,19.4,6.43,Medium,63.6,1,C
Divya Gupta,CSE20241192,CSE,4,99.4,32.8,53.0,69.7,18.6,3.49,None,68.8,1,B
Bhavna Tiwari,EE20241193,EE,4,85.2,32.3,62.3,44.4,18.1,5.2,Low,57.59,1,C
Priya Reddy,ECE20241194,ECE,1,100.0,34.1,74.4,84.4,22.9,7.13,High,71.51,1,B
Amit Pillai,EE20241195,EE,8,42.2,31.5,49.0,84.5,22.8,7.0,Low,51.08,1,C
Sakshi Rajput,CSE20241196,CSE,7,62.6,21.9,96.2,63.9,13.0,8.4,High,58.98,1,C
Siddharth Tiwari,ECE20241197,ECE,7,58.8,21.8,37.5,38.2,19.1,5.98,None,54.57,1,C
Karan Thakur,EE20241198,EE,8,85.0,13.6,23.7,48.9,10.9,3.7,Medium,44.55,1,D
Divya Khanna,CE20241199,CE,7,53.1,49.4,86.3,64.3,6.6,8.1,Medium,75.72,1,B
Manish Kumar,ECE20241200,ECE,3,85.6,28.2,12.0,53.9,11.8,8.78,Medium,61.41,1,C
Suresh Patel,ECE20241201,ECE,4,96.7,25.3,57.5,78.7,13.4,7.82,High,70.78,1,B
Arjun Yadav,CE20241202,CE,2,84.5,16.9,100.0,24.3,0.7,5.91,None,52.66,1,C
Jyoti Iyer,ME20241203,ME,1,77.1,50.0,61.7,25.1,20.9,8.08,High,79.01,1,B
Akash Gupta,CSE20241204,CSE,7,54.2,15.1,37.3,62.0,0.0,10.0,Medium,50.51,1,C
Rahul Reddy,ME20241205,ME,6,56.8,22.9,60.7,47.2,35.7,6.41,Low,65.03,1,B
Rajat Mishra,EE20241206,EE,7,94.5,33.0,60.9,44.2,26.0,3.84,High,69.53,1,B
Aditya Yadav,CE20241207,CE,7,86.0,35.2,65.5,19.1,11.9,5.14,Low,55.59,1,C
Tushar Yadav,ME20241208,ME,5,71.3,39.5,76.6,58.4,14.1,7.33,High,69.29,1,B
Priya Kumar,ECE20241209,ECE,3,64.5,49.7,39.1,56.8,16.4,3.31,Low,58.06,1,C
Divya Chauhan,EE20241210,EE,1,35.5,34.1,99.1,72.4,9.3,6.5,High,71.04,1,B
Tushar Malhotra,EE20241211,EE,5,52.7,15.3,67.4,59.5,15.5,6.88,Medium,50.89,1,C
Vikram Srivastava,ME20241212,ME,5,100.0,24.9,78.0,55.1,12.8,8.96,None,65.06,1,B
Manish Pandey,ME20241213,ME,6,49.0,31.7,48.2,83.9,13.2,8.56,Medium,64.7,1,C
Mohit Verma,CE20241214,CE,4,75.4,50.0,90.3,29.1,15.5,7.76,None,73.02,1,B
Divya Mehta,CSE20241215,CSE,6,90.1,11.2,56.3,69.8,3.5,2.31,Low,48.85,1,D
Rajat Reddy,ME20241216,ME,4,49.4,42.4,68.1,21.2,14.3,7.86,None,69.29,1,B
Jyoti Agarwal,ME20241217,ME,4,75.3,30.2,41.5,39.6,15.3,7.47,None,61.92,1,C
Tushar Mehta,ECE20241218,ECE,1,88.9,38.1,40.1,31.3,15.0,6.66,Low,61.92,1,C
Nikhil Agarwal,EE20241219,EE,7,72.2,26.8,77.1,75.2,12.3,3.09,Medium,52.85,1,C
Kunal Mehta,CSE20241220,CSE,1,100.0,17.9,52.2,56.6,23.1,4.8,Low,56.25,1,C
Karan Tiwari,ECE20241221,ECE,3,42.0,37.0,43.2,57.7,11.2,4.1,Medium,56.04,1,C
Priya Iyer,CE20241222,CE,4,91.1,35.9,47.8,33.7,15.8,2.57,Low,50.84,1,C
Rajat Chauhan,CE20241223,CE,5,68.9,39.7,77.4,51.4,24.4,6.19,Medium,80.54,1,A
Varun Yadav,ME20241224,ME,7,85.9,27.8,48.2,41.2,13.4,4.76,Medium,56.55,1,C
Suresh Gupta,ME20241225,ME,2,79.9,20.8,59.4,66.4,15.7,10.0,Low,64.92,1,C
Akash Pillai,CE20241226,CE,3,58.8,9.3,62.3,36.2,13.2,5.9,High,43.0,1,D
Manish Thakur,ME20241227,ME,1,76.1,37.8,19.8,87.3,23.9,8.53,Medium,72.94,1,B
Sonal Srivastava,CSE20241228,CSE,6,38.6,33.1,29.6,21.1,11.9,3.38,Medium,35.63,0,F
Deepak Kumar,ME20241229,ME,3,82.9,16.4,69.4,40.3,24.3,5.25,Low,66.51,1,B
Manish Kumar,EE20241230,EE,3,77.4,21.5,45.8,94.9,13.2,6.37,None,66.78,1,B
Rahul Thakur,ME20241231,ME,7,83.5,22.4,85.2,48.4,7.1,4.57,High,64.49,1,C
Amit Agarwal,ECE20241232,ECE,3,91.0,10.2,83.3,29.1,19.4,5.44,High,49.22,1,D
Simran Dubey,CSE20241233,CSE,3,78.6,18.2,77.8,62.8,11.6,5.81,None,58.55,1,C
Ishita Mishra,ECE20241234,ECE,2,74.7,14.4,100.0,47.5,19.0,5.78,Low,64.23,1,C
Pankaj Thakur,ECE20241235,ECE,8,56.1,23.1,60.2,39.6,0.0,9.54,Medium,56.52,1,C
Bhavna Verma,EE20241236,EE,6,59.2,19.1,76.3,33.9,14.0,6.88,Medium,48.23,1,D
Akash Mehta,CSE20241237,CSE,6,93.4,8.5,49.1,100.0,10.3,7.06,High,58.21,1,C
Nikhil Jain,CSE20241238,CSE,6,97.9,50.0,100.0,52.5,5.5,7.17,None,77.33,1,B
Manish Saxena,CSE20241239,CSE,4,67.7,43.0,100.0,15.6,9.6,7.3,Low,63.21,1,C
Tushar Jain,CSE20241240,CSE,5,72.8,18.7,62.3,90.9,9.4,6.05,None,65.96,1,B
Gaurav Pandey,CSE20241241,CSE,8,55.7,31.3,70.5,71.4,13.6,5.62,Low,50.8,1,C
Rajat Patel,EE20241242,EE,6,93.1,33.0,91.9,41.1,3.1,6.5,None,68.87,1,B
Manish Chopra,ME20241243,ME,3,84.0,42.3,58.8,37.5,16.5,8.28,High,65.48,1,B
Rohan Pillai,ECE20241244,ECE,3,100.0,18.2,47.6,72.8,24.9,8.23,Medium,62.42,1,C
Manish Malhotra,CSE20241245,CSE,6,56.2,41.1,81.2,52.6,16.2,5.77,High,57.52,1,C
Aman Agarwal,ME20241246,ME,7,65.2,21.4,63.7,15.6,20.5,7.58,None,49.38,1,D
Anjali Joshi,ME20241247,ME,6,76.2,12.0,66.0,97.3,22.8,5.85,Low,68.26,1,B
Preeti Nair,ECE20241248,ECE,3,83.6,36.7,43.6,48.5,23.9,6.26,Low,66.07,1,B
Siddharth Dubey,EE20241249,EE,4,68.1,43.5,24.2,90.9,29.0,5.35,Low,62.42,1,C
Amit Reddy,CE20241250,CE,1,56.3,50.0,67.2,86.1,10.0,5.87,High,78.65,1,B
Shruti Rajput,CE20241251,CE,1,87.9,13.6,81.9,36.0,8.3,8.61,Low,63.71,1,C
Mohit Srivastava,ME20241252,ME,8,85.0,36.4,57.0,80.7,20.3,6.37,Low,71.51,1,B
Harsh Verma,ECE20241253,ECE,8,55.5,23.1,93.6,43.7,19.7,6.44,None,68.0,1,B
Tushar Mishra,CE20241254,CE,6,96.4,37.4,46.5,16.9,20.2,3.6,None,62.05,1,C
Mohit Mehta,ME20241255,ME,2,93.1,10.4,38.8,48.7,29.1,5.64,Medium,57.59,1,C
Rahul Pillai,EE20241256,EE,6,74.4,12.8,60.5,66.7,14.1,5.77,Low,49.02,1,D
Aman Chopra,CE20241257,CE,7,73.4,18.7,60.2,47.8,17.4,4.71,Medium,56.28,1,C
Deepak Das,ME20241258,ME,6,82.0,28.9,78.9,51.2,6.2,6.24,Medium,63.86,1,C
Deepak Kapoor,ME20241259,ME,8,56.5,20.3,45.0,83.2,31.1,5.43,None,59.2,1,C
Suresh Singh,CSE20241260,CSE,1,72.5,35.9,92.1,60.3,11.3,6.34,None,64.22,1,C
Pooja Kumar,EE20241261,EE,3,33.3,40.3,100.0,39.4,11.5,6.42,Medium,62.37,1,C
Siddharth Yadav,CSE20241262,CSE,6,87.8,35.2,61.1,73.4,11.2,4.48,Medium,62.27,1,C
Mohit Mishra,ECE20241263,ECE,3,43.9,47.4,89.5,62.3,8.8,5.48,Low,55.43,1,C
Swati Rajput,CSE20241264,CSE,3,99.1,33.0,38.8,2.5,8.2,6.34,None,59.07,1,C
Aarti Agarwal,CSE20241265,CSE,2,66.1,13.4,85.7,67.4,9.8,8.33,None,50.32,1,C
Manish Malhotra,CE20241266,CE,3,68.2,44.4,85.0,66.6,3.1,6.66,Low,70.38,1,B
Rajat Kumar,ME20241267,ME,1,60.7,20.7,81.0,58.4,7.7,5.01,None,54.51,1,C
Gaurav Agarwal,EE20241268,EE,4,66.8,38.9,61.7,77.6,29.6,6.92,Low,73.62,1,B
Kavita Jain,CSE20241269,CSE,4,97.5,46.9,0.0,43.2,19.9,9.27,Low,67.39,1,B
Harsh Das,EE20241270,EE,5,27.2,33.5,47.9,65.4,21.4,7.85,None,57.67,1,C
Harsh Reddy,CSE20241271,CSE,7,95.0,10.0,48.2,23.5,23.4,7.19,None,53.74,1,C
Ankit Thakur,ECE20241272,ECE,6,78.1,17.0,40.5,67.0,28.7,7.51,High,65.36,1,B
Suresh Iyer,CSE20241273,CSE,7,50.3,43.9,64.7,100.0,0.0,8.79,Medium,80.07,1,A
Manish Rajput,CE20241274,CE,1,52.6,26.0,52.8,36.1,4.2,8.14,High,54.29,1,C
Divya Agarwal,ME20241275,ME,3,100.0,29.0,43.9,41.3,7.6,7.22,Low,60.83,1,C
Rajat Gupta,ECE20241276,ECE,4,55.0,37.1,38.7,42.4,10.2,8.12,Medium,53.41,1,C
Aarti Agarwal,CSE20241277,CSE,7,51.2,36.4,46.3,60.9,11.6,4.25,Low,56.47,1,C
Siddharth Malhotra,EE20241278,EE,1,92.5,31.3,86.7,34.6,10.4,3.5,Medium,65.03,1,B
Rahul Saxena,ECE20241279,ECE,4,78.1,25.5,47.5,67.3,15.8,6.48,None,58.3,1,C
Neha Mehta,ECE20241280,ECE,3,55.1,24.2,50.7,76.6,14.3,6.32,None,57.99,1,C
Aditya Reddy,CSE20241281,CSE,7,75.9,38.3,52.0,69.8,8.2,5.22,High,64.02,1,C
Manish Bhatia,ECE20241282,ECE,4,53.5,34.6,69.5,19.1,0.0,7.69,Medium,57.68,1,C
Priya Jain,EE20241283,EE,6,91.8,24.9,72.0,79.9,6.1,2.85,High,66.96,1,B
Jyoti Chauhan,ECE20241284,ECE,8,91.1,41.0,0.0,78.6,9.6,5.24,Low,65.76,1,B
Sneha Kapoor,EE20241285,EE,6,81.6,26.5,84.5,76.3,12.0,5.33,Low,65.77,1,B
Ishita Rajput,CSE20241286,CSE,5,78.5,17.8,93.6,66.2,5.0,3.25,Low,50.0,1,C
Megha Dubey,ME20241287,ME,5,100.0,18.9,38.9,62.8,10.1,8.89,Medium,59.01,1,C
Karan Mehta,ECE20241288,ECE,4,72.0,16.3,40.6,80.7,5.0,3.75,Medium,52.1,1,C
Rajat Pillai,ME20241289,ME,8,50.7,24.7,52.1,100.0,13.0,5.14,High,71.51,1,B
Tushar Kumar,EE20241290,EE,1,80.1,42.8,45.4,37.0,5.4,7.83,None,61.17,1,C
Aarti Kapoor,ECE20241291,ECE,6,100.0,18.3,66.9,81.7,7.2,7.36,Medium,68.06,1,B
Mohit Pandey,CE20241292,CE,1,53.7,30.3,19.2,56.1,3.5,4.21,Low,42.09,1,D
Manish Chopra,ME20241293,ME,8,65.5,20.1,37.4,55.1,12.8,7.43,None,46.5,1,D
Swati Das,ECE20241294,ECE,1,79.5,24.9,95.9,24.2,7.1,6.72,Medium,56.34,1,C
Gaurav Tiwari,ME20241295,ME,8,71.0,9.9,41.6,51.7,21.3,10.0,Medium,44.56,1,D
Aarti Pandey,ECE20241296,ECE,4,54.3,25.4,89.4,36.1,17.2,6.93,None,63.85,1,C
Kunal Dubey,CSE20241297,CSE,1,92.2,25.7,69.8,47.8,13.4,5.95,Low,50.55,1,C
Deepak Jain,ME20241298,ME,6,100.0,34.5,22.2,33.8,7.6,4.66,Low,53.72,1,C
Amit Agarwal,CE20241299,CE,3,75.5,30.7,76.0,48.1,17.0,4.86,Low,55.21,1,C
Ishita Chopra,CE20241300,CE,5,55.7,13.6,59.4,49.1,19.5,4.71,Low,42.23,1,D
Varun Chauhan,EE20241301,EE,3,44.1,41.0,52.0,60.1,15.1,8.67,None,69.8,1,B
Amit Singh,ECE20241302,ECE,1,76.6,30.5,67.4,22.5,26.8,6.23,None,61.11,1,C
Bhavna Verma,ME20241303,ME,3,91.9,30.4,72.4,26.2,17.7,7.22,High,61.8,1,C
Aman Khanna,EE20241304,EE,6,80.6,27.9,77.6,66.0,21.3,8.93,High,70.38,1,B
Karan Verma,ME20241305,ME,6,72.0,21.8,87.9,40.5,15.1,1.95,Low,47.93,1,D
Kunal Chauhan,ECE20241306,ECE,1,61.4,30.6,71.0,81.6,19.4,8.5,High,70.85,1,B
Aarti Dubey,CE20241307,CE,4,52.3,33.7,31.7,63.0,7.6,6.3,Medium,55.23,1,C
Priya Malhotra,CSE20241308,CSE,3,87.0,7.0,51.6,71.3,10.3,6.98,None,61.86,1,C
Rajat Srivastava,CE20241309,CE,4,88.4,21.5,100.0,89.0,16.8,4.71,None,58.46,1,C
Priya Mishra,EE20241310,EE,4,44.2,24.9,77.9,51.2,16.7,4.84,High,54.92,1,C
Ankit Nair,CSE20241311,CSE,8,100.0,31.1,100.0,45.4,18.1,7.08,Medium,72.43,1,B
Varun Jain,EE20241312,EE,2,82.3,42.3,92.7,77.2,22.8,10.0,High,91.53,1,A
Rajat Srivastava,ECE20241313,ECE,1,97.2,18.7,67.3,69.2,2.6,8.01,High,66.7,1,B
Swati Joshi,CSE20241314,CSE,5,47.8,22.0,68.6,53.9,6.2,8.48,Low,56.66,1,C
Varun Tiwari,EE20241315,EE,6,47.4,21.8,61.2,88.6,15.8,5.85,None,57.3,1,C
Divya Joshi,ECE20241316,ECE,6,69.3,18.4,23.8,53.3,8.2,5.12,None,39.7,0,F
Megha Joshi,CE20241317,CE,1,81.1,23.8,62.4,58.7,40.0,4.79,None,69.53,1,B
Priya Gupta,ECE20241318,ECE,8,100.0,37.2,88.6,58.5,18.1,5.32,None,77.16,1,B
Ritu Yadav,ME20241319,ME,7,84.7,15.4,48.8,37.4,13.4,2.5,Low,49.75,1,D
Akash Agarwal,ECE20241320,ECE,7,67.6,33.1,71.1,59.7,9.9,4.9,None,65.84,1,B
Rohan Verma,ECE20241321,ECE,7,53.5,7.6,80.7,88.7,10.2,5.19,None,52.33,1,C
Kunal Khanna,ME20241322,ME,8,94.1,21.3,42.0,67.8,14.2,5.88,Low,66.21,1,B
Bhavna Tiwari,EE20241323,EE,5,54.6,24.0,52.1,58.7,14.9,6.44,Low,55.31,1,C
Divya Singh,EE20241324,EE,6,100.0,48.1,39.6,54.4,10.3,6.85,Low,70.4,1,B
Suresh Patel,ECE20241325,ECE,1,66.9,24.7,43.9,65.3,11.8,6.17,Low,54.78,1,C
Sonal Kapoor,ME20241326,ME,8,100.0,1.6,33.7,74.5,24.8,5.15,Medium,52.34,1,C
Simran Malhotra,ME20241327,ME,6,84.2,4.0,42.2,71.4,25.1,2.67,High,46.56,1,D
Rahul Khanna,CE20241328,CE,4,69.5,28.4,93.2,50.7,16.0,5.16,None,69.58,1,B
Rahul Yadav,EE20241329,EE,3,62.7,35.4,41.9,65.1,3.3,4.45,None,55.27,1,C
Jyoti Mehta,CSE20241330,CSE,3,65.9,32.5,64.8,68.6,18.3,7.04,High,68.05,1,B
Arjun Gupta,EE20241331,EE,8,79.7,30.0,50.9,35.8,26.4,7.84,Medium,65.75,1,B
Nisha Dubey,EE20241332,EE,6,73.4,41.9,87.9,61.7,25.0,7.89,Medium,92.55,1,A
Gaurav Reddy,CE20241333,CE,2,61.3,21.5,90.8,10.5,19.9,7.56,Low,49.36,1,D
Rajat Jain,CSE20241334,CSE,5,69.0,38.7,81.0,68.6,25.4,5.96,High,69.65,1,B
Aarti Nair,CE20241335,CE,7,73.4,8.4,68.7,72.5,14.4,5.26,High,47.65,1,D
Sonal Tiwari,CSE20241336,CSE,5,33.7,17.1,56.9,74.4,19.0,4.86,Medium,47.36,1,D
Sneha Malhotra,ECE20241337,ECE,5,80.2,6.3,35.8,49.3,8.6,3.49,None,40.57,1,D
Amit Reddy,CSE20241338,CSE,8,54.4,24.7,100.0,64.8,16.3,7.99,High,64.68,1,C
Harsh Thakur,CE20241339,CE,4,51.2,27.4,45.3,89.3,24.6,5.89,Medium,57.92,1,C
Megha Singh,EE20241340,EE,5,41.6,29.4,76.6,89.1,9.3,3.96,Medium,58.35,1,C
Siddharth Khanna,CSE20241341,CSE,3,39.7,28.7,85.3,57.4,7.1,4.71,None,50.02,1,C
Tushar Kapoor,CSE20241342,CSE,4,47.6,16.9,49.8,61.1,14.8,4.64,Medium,48.32,1,D
Vivek Mishra,ME20241343,ME,1,59.2,25.7,84.8,82.4,12.2,6.28,None,67.81,1,B
Megha Khanna,EE20241344,EE,5,100.0,10.0,78.8,25.0,19.2,8.12,Low,61.44,1,C
Siddharth Malhotra,ECE20241345,ECE,5,62.5,44.4,100.0,50.9,10.4,5.57,Medium,74.2,1,B
Varun Kumar,CE20241346,CE,1,75.2,24.4,51.7,87.4,27.7,2.15,Low,64.18,1,C
Sakshi Saxena,ECE20241347,ECE,5,79.2,22.1,33.7,79.5,3.7,5.86,Medium,56.5,1,C
Nisha Chopra,EE20241348,EE,1,74.4,47.1,50.9,66.1,24.0,5.92,Medium,71.57,1,B
Akash Nair,CSE20241349,CSE,4,70.6,13.1,66.6,24.9,7.9,5.8,None,41.21,1,D
Ishita Yadav,CSE20241350,CSE,3,50.5,14.5,63.3,56.9,0.0,5.07,Medium,42.53,1,D
Priya Tiwari,EE20241351,EE,1,98.1,14.8,53.3,45.0,15.9,6.59,High,56.01,1,C
Neha Thakur,CSE20241352,CSE,2,100.0,27.2,20.0,65.3,12.0,6.32,None,62.53,1,C
Mohit Chauhan,CSE20241353,CSE,8,41.7,33.2,72.4,40.2,5.1,6.16,Medium,55.58,1,C
Gaurav Yadav,CSE20241354,CSE,8,53.6,36.9,100.0,35.4,0.5,6.94,Low,64.0,1,C
Anjali Kumar,CE20241355,CE,1,67.0,50.0,72.2,12.6,13.9,5.43,Low,57.44,1,C
Tanvi Patel,CE20241356,CE,8,54.6,1.0,75.4,84.9,21.8,5.32,Low,56.55,1,C
Ishita Kumar,ME20241357,ME,5,81.1,35.3,74.6,49.2,18.7,8.68,Low,68.5,1,B
Varun Thakur,ECE20241358,ECE,7,58.9,21.3,70.7,61.5,14.5,7.21,None,51.2,1,C
Deepak Yadav,EE20241359,EE,7,100.0,21.0,82.5,58.0,17.8,7.69,High,68.36,1,B
Jyoti Pandey,EE20241360,EE,8,93.4,20.6,70.7,34.5,13.8,8.41,Medium,74.74,1,B
Rashmi Pandey,EE20241361,EE,4,75.8,17.1,55.1,30.3,2.6,7.15,Medium,47.46,1,D
Ankit Sharma,ME20241362,ME,6,90.5,48.2,44.5,35.9,2.6,7.87,Low,65.59,1,B
Aman Mishra,CE20241363,CE,4,91.9,38.1,56.5,42.1,12.4,3.36,Medium,60.9,1,C
Anjali Dubey,ME20241364,ME,6,61.8,28.3,68.9,66.1,12.7,6.57,Low,59.55,1,C
Pooja Gupta,EE20241365,EE,7,57.3,44.2,55.0,40.5,20.8,5.87,Low,58.48,1,C
Akash Mehta,ECE20241366,ECE,7,73.4,9.8,68.9,96.4,20.1,9.22,Low,64.45,1,C
Bhavna Khanna,CSE20241367,CSE,1,87.5,12.0,71.7,80.6,18.8,7.87,Low,68.73,1,B
Jyoti Pandey,CE20241368,CE,3,74.5,1.9,80.3,75.8,11.8,5.07,None,51.39,1,C
Nikhil Gupta,CE20241369,CE,2,43.6,19.6,90.2,55.4,3.0,6.87,Medium,47.36,1,D
Manish Bhatia,ME20241370,ME,4,57.5,29.9,63.7,91.3,17.3,6.5,High,65.05,1,B
Sonal Chauhan,CE20241371,CE,5,70.7,29.2,33.2,53.2,18.2,7.02,None,54.02,1,C
Rohan Malhotra,EE20241372,EE,6,70.6,29.8,54.4,57.3,0.0,4.37,None,52.59,1,C
Shruti Sharma,EE20241373,EE,8,100.0,11.1,63.0,61.7,7.3,6.85,Low,63.51,1,C
Neha Agarwal,ME20241374,ME,5,47.1,37.6,21.6,73.4,8.5,5.79,High,55.54,1,C
Priya Kapoor,EE20241375,EE,3,81.1,30.9,92.6,72.0,14.9,6.71,High,72.71,1,B
Kunal Rajput,ECE20241376,ECE,6,98.8,36.8,65.1,47.5,7.6,4.9,Medium,74.69,1,B
Kavita Srivastava,ME20241377,ME,4,100.0,5.3,70.4,46.3,13.7,5.15,High,58.69,1,C
Rohan Patel,ECE20241378,ECE,1,64.7,31.7,92.0,72.1,12.3,8.31,Low,72.32,1,B
Harsh Yadav,CSE20241379,CSE,5,80.8,13.7,48.1,73.7,12.7,4.31,High,63.71,1,C
Varun Singh,ECE20241380,ECE,3,82.3,23.2,74.6,49.3,8.3,4.44,Low,58.33,1,C
Amit Singh,CSE20241381,CSE,4,75.5,34.4,59.6,23.1,8.9,6.11,Low,46.66,1,D
Pooja Mishra,CSE20241382,CSE,7,70.2,29.1,58.0,53.4,5.4,4.81,Medium,59.53,1,C
Rashmi Das,ECE20241383,ECE,7,79.8,17.8,45.0,71.7,17.0,4.61,Low,46.07,1,D
Sneha Sharma,ME20241384,ME,4,26.4,28.1,98.6,97.7,18.6,6.39,Medium,66.77,1,B
Harsh Rajput,EE20241385,EE,4,84.3,9.6,53.7,31.6,7.8,3.49,Low,33.57,0,F
Rahul Kapoor,EE20241386,EE,4,74.3,41.8,77.4,48.6,26.2,4.39,Medium,66.96,1,B
Sneha Bhatia,CSE20241387,CSE,6,68.0,25.5,20.7,49.4,11.5,9.9,Low,53.27,1,C
Pooja Chopra,CSE20241388,CSE,4,100.0,41.4,88.0,87.8,26.2,7.03,None,80.31,1,A
Ankit Patel,ME20241389,ME,5,59.9,21.7,85.1,57.2,8.9,4.86,High,54.95,1,C
Sneha Das,CE20241390,CE,3,64.7,21.7,64.1,38.0,0.0,6.95,High,57.69,1,C
Anjali Tiwari,ECE20241391,ECE,6,100.0,18.8,57.0,70.3,17.2,7.22,High,63.06,1,C
Swati Yadav,CSE20241392,CSE,4,57.0,38.5,70.8,49.1,16.0,7.99,Medium,68.85,1,B
Shruti Saxena,EE20241393,EE,2,62.1,19.5,100.0,31.1,14.3,5.97,Medium,51.04,1,C
Anjali Chopra,ME20241394,ME,8,69.4,35.7,23.2,38.4,8.9,7.96,Medium,55.69,1,C
Nisha Bhatia,ECE20241395,ECE,2,87.1,23.4,79.2,96.1,13.7,2.53,None,64.25,1,C
Nisha Malhotra,ME20241396,ME,3,75.7,4.3,41.9,66.5,9.9,4.3,None,37.49,0,F
Kavita Kumar,ECE20241397,ECE,7,48.7,21.2,61.6,60.4,11.6,6.49,Low,45.22,1,D
Arjun Yadav,ECE20241398,ECE,1,62.4,13.9,56.5,52.5,20.7,6.79,High,56.6,1,C
Varun Pillai,CSE20241399,CSE,1,61.1,28.4,52.6,64.4,15.5,4.56,None,60.3,1,C
Aman Malhotra,ME20241400,ME,8,70.6,13.7,61.8,64.2,18.9,6.67,High,57.2,1,C
Sneha Reddy,ME20241401,ME,7,79.7,39.1,37.0,64.4,12.1,5.08,Medium,60.56,1,C
Ishita Yadav,EE20241402,EE,6,79.5,26.9,84.6,60.5,11.3,5.7,Medium,64.77,1,C
Rahul Agarwal,EE20241403,EE,6,40.0,25.9,22.5,77.1,4.8,8.04,None,49.43,1,D
Arjun Patel,CSE20241404,CSE,6,91.2,35.9,73.9,58.5,11.0,7.84,Low,72.27,1,B
Sneha Verma,CSE20241405,CSE,1,76.5,39.6,54.8,36.5,0.0,4.41,High,45.77,1,D
Arjun Srivastava,CE20241406,CE,2,96.9,27.8,36.2,44.5,9.3,4.3,Low,49.31,1,D
Priya Sharma,EE20241407,EE,1,80.0,18.7,66.5,14.5,13.3,5.46,Low,45.29,1,D
Varun Khanna,ECE20241408,ECE,5,91.8,6.7,27.7,100.0,18.5,6.15,None,55.47,1,C
Rahul Patel,ME20241409,ME,4,80.4,19.8,62.9,77.0,11.9,5.02,None,58.4,1,C
Sonal Singh,CSE20241410,CSE,6,96.2,20.6,30.7,39.7,16.8,8.07,Low,60.09,1,C
Mohit Mishra,ME20241411,ME,2,81.4,29.3,72.1,51.8,0.0,6.83,Medium,62.55,1,C
Neha Kumar,ME20241412,ME,3,70.2,23.9,41.7,44.0,13.5,6.93,Low,46.61,1,D
Ritu Sharma,CE20241413,CE,8,100.0,36.3,52.1,91.9,0.6,3.92,Medium,74.52,1,B
Kunal Saxena,EE20241414,EE,3,88.0,20.6,68.5,26.8,4.3,8.3,None,62.08,1,C
Bhavna Khanna,CSE20241415,CSE,4,82.3,27.3,45.0,60.5,12.5,1.12,High,47.45,1,D
Vivek Pillai,ME20241416,ME,2,49.0,42.2,60.7,55.6,24.2,7.7,Medium,69.11,1,B
Akash Patel,CSE20241417,CSE,1,48.8,32.1,28.7,76.2,17.0,7.88,None,54.64,1,C
Sakshi Malhotra,ECE20241418,ECE,1,77.3,27.3,75.9,55.7,14.1,5.42,Low,61.7,1,C
Preeti Jain,CE20241419,CE,5,74.6,20.8,100.0,19.3,13.8,8.49,None,64.67,1,C
Pankaj Singh,ECE20241420,ECE,5,60.9,20.4,100.0,52.5,8.3,6.09,Medium,68.62,1,B
Nikhil Yadav,CSE20241421,CSE,1,74.5,17.8,64.0,36.6,9.6,6.31,Medium,56.01,1,C
Rajat Mishra,CSE20241422,CSE,3,100.0,21.5,79.3,59.8,17.4,6.81,High,70.65,1,B
Kavita Bhatia,EE20241423,EE,8,84.5,37.1,22.8,89.6,2.9,10.0,Low,66.84,1,B
Sakshi Verma,ME20241424,ME,6,51.5,25.3,95.1,19.7,18.7,8.62,Low,59.19,1,C
Rohan Malhotra,ME20241425,ME,3,70.0,11.8,79.1,40.4,10.9,7.46,None,58.54,1,C
Karan Joshi,ECE20241426,ECE,8,57.5,49.2,51.4,45.8,20.6,4.56,Low,62.95,1,C
Pankaj Reddy,CE20241427,CE,5,65.0,31.8,89.2,49.6,21.7,6.46,Medium,61.9,1,C
Kavita Reddy,ME20241428,ME,4,64.6,11.1,56.4,74.3,0.6,4.74,None,37.24,0,F
Pankaj Iyer,EE20241429,EE,8,63.4,22.7,51.9,54.2,9.3,7.68,Medium,57.86,1,C
Aditya Mishra,ECE20241430,ECE,1,49.4,29.3,72.5,67.1,7.2,6.45,Medium,59.68,1,C
Divya Gupta,ECE20241431,ECE,5,69.7,48.5,38.6,44.2,0.0,4.18,High,56.65,1,C
Ankita Srivastava,EE20241432,EE,5,61.9,14.7,84.5,63.1,5.7,6.35,Low,58.45,1,C
Vivek Iyer,CE20241433,CE,6,19.3,39.7,38.8,75.1,33.5,4.67,High,57.07,1,C
Arjun Patel,EE20241434,EE,1,100.0,44.8,38.9,41.9,18.9,6.47,High,71.28,1,B
Rahul Reddy,CE20241435,CE,6,91.6,20.5,42.0,75.2,29.3,4.65,High,63.37,1,C
Rohan Sharma,EE20241436,EE,1,65.2,24.7,78.7,59.2,20.6,6.25,Medium,60.35,1,C
Siddharth Yadav,EE20241437,EE,6,72.3,15.6,48.4,81.0,8.1,7.55,High,59.2,1,C
Pooja Das,CSE20241438,CSE,8,50.9,25.6,32.3,53.6,10.9,6.1,Medium,55.0,1,C
Swati Rajput,ECE20241439,ECE,3,100.0,27.6,48.7,66.4,18.7,5.5,None,58.28,1,C
Tushar Mishra,EE20241440,EE,4,100.0,35.9,61.3,57.1,17.5,6.57,Medium,73.88,1,B
Harsh Tiwari,EE20241441,EE,4,74.8,41.1,36.0,55.9,9.4,7.45,Medium,65.18,1,B
Karan Singh,ME20241442,ME,1,90.4,19.0,36.7,63.7,1.9,4.21,High,53.2,1,C
Aman Kapoor,ECE20241443,ECE,2,75.2,4.4,100.0,69.8,40.0,6.67,Medium,68.57,1,B
Aarti Thakur,ME20241444,ME,7,47.9,27.7,43.1,30.5,12.9,8.57,Low,51.3,1,C
Sonal Patel,ECE20241445,ECE,5,64.6,31.5,54.9,89.5,11.4,7.23,Medium,67.93,1,B
Divya Reddy,ME20241446,ME,5,74.4,31.0,53.9,17.1,14.9,6.3,High,60.78,1,C
Rohan Khanna,EE20241447,EE,1,63.8,24.1,52.7,42.9,12.1,7.35,None,50.68,1,C
Rahul Pandey,EE20241448,EE,8,68.1,29.5,75.7,55.9,15.0,7.01,Low,64.37,1,C
Divya Kumar,CSE20241449,CSE,6,70.4,46.2,82.9,67.1,24.3,7.56,Medium,77.34,1,B
Rajat Rajput,ME20241450,ME,2,70.5,32.6,55.3,92.7,13.0,2.56,None,59.03,1,C
Karan Jain,CE20241451,CE,3,72.9,23.5,34.8,17.1,4.7,3.4,None,38.78,0,F
Aman Bhatia,CSE20241452,CSE,6,52.9,22.0,90.0,46.8,12.7,8.01,Low,60.15,1,C
Vivek Nair,ME20241453,ME,6,59.1,26.0,59.9,11.2,10.3,3.49,High,46.7,1,D
Bhavna Mishra,ME20241454,ME,1,48.9,47.6,100.0,58.7,25.4,6.92,None,76.09,1,B
Arjun Kapoor,CSE20241455,CSE,1,89.6,25.8,12.6,64.0,23.4,5.57,Low,56.93,1,C
Rohan Pandey,EE20241456,EE,8,34.1,27.8,66.3,93.0,14.9,4.41,Medium,48.43,1,D
Swati Chopra,ME20241457,ME,5,92.8,22.2,100.0,60.7,3.8,6.83,High,68.12,1,B
Rahul Saxena,EE20241458,EE,1,97.0,41.2,54.2,81.0,4.2,6.56,High,74.49,1,B
Suresh Jain,CSE20241459,CSE,1,66.6,50.0,57.0,70.8,14.1,10.0,Low,77.73,1,B
Aman Verma,EE20241460,EE,1,25.1,33.4,68.5,48.4,16.7,5.08,High,51.08,1,C
Ishita Verma,ECE20241461,ECE,8,65.5,29.0,49.7,27.0,11.0,8.79,None,49.06,1,D
Ankita Agarwal,CE20241462,CE,5,70.8,28.4,55.1,64.1,10.2,6.83,Medium,63.66,1,C
Sonal Pandey,ME20241463,ME,3,53.8,0.0,54.6,25.2,9.3,5.01,Medium,32.7,0,F
Manish Reddy,CE20241464,CE,3,62.7,36.9,48.2,86.5,13.8,7.64,Low,67.46,1,B
Arjun Mehta,EE20241465,EE,7,99.5,29.6,89.0,54.4,0.0,7.22,Medium,67.13,1,B
Swati Rajput,ME20241466,ME,7,84.0,33.1,72.1,84.3,5.2,6.26,None,67.47,1,B
Megha Dubey,EE20241467,EE,1,55.4,19.5,67.5,47.4,9.0,6.68,High,51.09,1,C
Arjun Pillai,ECE20241468,ECE,7,43.2,23.4,79.8,63.9,23.7,5.13,Low,51.17,1,C
Kavita Khanna,CSE20241469,CSE,5,66.1,23.1,56.2,62.6,7.5,4.71,Medium,55.4,1,C
Sneha Gupta,ME20241470,ME,8,68.2,40.3,45.0,57.0,15.4,7.57,None,61.28,1,C
Nikhil Pandey,ECE20241471,ECE,3,80.9,23.5,48.7,48.5,15.8,5.8,Low,56.48,1,C
Shruti Bhatia,ECE20241472,ECE,6,62.4,50.0,62.0,66.6,24.4,6.06,High,77.01,1,B
Akash Pillai,ME20241473,ME,3,81.2,33.2,38.7,37.6,24.1,6.7,Medium,58.93,1,C
Anjali Gupta,EE20241474,EE,3,100.0,12.7,51.0,31.4,13.5,6.68,High,49.09,1,D
Pankaj Chopra,ECE20241475,ECE,5,86.7,26.5,50.6,85.3,10.2,3.63,Low,71.6,1,B
Vikram Jain,CE20241476,CE,7,71.1,20.2,100.0,74.0,8.7,8.52,None,62.74,1,C
Kavita Jain,ECE20241477,ECE,6,68.7,1.7,1.0,59.4,12.1,6.42,Medium,40.92,1,D
Vivek Mishra,EE20241478,EE,5,65.6,47.2,58.0,94.6,10.5,5.84,Low,81.19,1,A
Kunal Verma,EE20241479,EE,1,93.3,36.4,100.0,52.1,18.4,6.98,None,78.69,1,B
Vivek Nair,CE20241480,CE,8,60.7,34.4,64.7,87.1,17.4,6.63,Medium,66.4,1,B
Ishita Reddy,ECE20241481,ECE,4,72.8,30.0,78.6,61.9,18.7,7.58,Low,66.84,1,B
Divya Khanna,EE20241482,EE,3,72.9,11.4,64.2,35.5,24.1,7.17,None,47.85,1,D
Jyoti Mehta,ME20241483,ME,4,63.0,22.2,47.3,98.7,28.9,7.49,Low,68.97,1,B
Amit Patel,CSE20241484,CSE,8,47.3,38.1,12.7,79.8,15.0,8.63,Medium,63.41,1,C
Rahul Agarwal,CSE20241485,CSE,8,77.8,15.4,66.5,55.3,22.8,7.79,Medium,57.84,1,C
Harsh Dubey,CSE20241486,CSE,5,70.9,0.0,44.9,74.0,11.2,5.91,Low,38.97,0,F
Deepak Reddy,ECE20241487,ECE,5,81.0,25.3,44.4,49.1,23.5,4.18,Medium,49.91,1,D
Amit Nair,CE20241488,CE,5,62.4,26.3,51.0,76.2,22.5,9.2,None,69.07,1,B
Jyoti Rajput,EE20241489,EE,4,94.0,29.6,100.0,5.4,22.1,5.77,High,67.19,1,B
Anjali Pandey,ME20241490,ME,5,56.2,36.7,100.0,35.6,14.8,5.35,High,65.73,1,B
Divya Sharma,ME20241491,ME,8,100.0,35.7,66.8,79.5,8.7,3.07,Medium,63.96,1,C
Vivek Mishra,ECE20241492,ECE,1,40.5,31.1,51.8,52.5,2.8,6.81,None,42.89,1,D
Deepak Malhotra,CSE20241493,CSE,5,79.8,42.3,36.1,62.6,13.7,6.47,Medium,71.36,1,B
Siddharth Srivastava,ECE20241494,ECE,2,80.6,9.8,72.3,28.4,26.3,3.47,Medium,49.62,1,D
Nikhil Nair,CE20241495,CE,7,57.7,34.1,100.0,98.7,11.5,7.02,High,79.34,1,B
Kavita Mehta,CE20241496,CE,4,79.6,35.5,56.6,84.2,20.3,5.3,High,68.89,1,B
Pooja Chauhan,EE20241497,EE,2,95.0,13.1,9.7,53.6,20.8,10.0,High,57.06,1,C
Manish Verma,EE20241498,EE,5,32.1,10.0,76.7,49.1,11.7,5.18,None,44.55,1,D
Varun Malhotra,CE20241499,CE,8,81.0,19.0,83.7,80.7,24.5,5.42,High,71.28,1,B
Ishita Chopra,CE20241500,CE,1,27.1,20.1,27.1,100.0,0.0,4.63,Medium,46.97,1,D
Aman Tiwari,CE20241501,CE,3,54.6,37.0,65.9,79.0,4.2,8.5,High,66.48,1,B
Manish Jain,ECE20241502,ECE,6,100.0,20.6,71.9,100.0,6.7,5.53,Low,69.63,1,B
Priya Kumar,CE20241503,CE,7,61.5,17.7,60.4,37.7,7.4,4.9,Low,51.11,1,C
Aman Reddy,ME20241504,ME,6,50.9,20.7,44.6,40.0,16.7,7.47,Low,48.58,1,D
Rajat Bhatia,CSE20241505,CSE,5,68.4,41.4,84.4,31.8,16.3,3.72,None,58.9,1,C
Vivek Gupta,CE20241506,CE,7,100.0,28.2,53.1,67.7,17.2,7.33,Low,74.73,1,B
Tushar Pandey,CSE20241507,CSE,7,39.0,25.8,29.3,61.9,18.8,9.41,High,52.92,1,C
Karan Thakur,ECE20241508,ECE,1,53.1,26.7,16.9,54.7,6.4,7.22,None,50.29,1,C
Tanvi Jain,CSE20241509,CSE,7,99.0,43.5,89.7,75.8,4.3,7.35,None,78.18,1,B
Aman Tiwari,ECE20241510,ECE,4,100.0,19.0,75.6,85.1,17.2,7.77,None,60.35,1,C
Sakshi Yadav,ME20241511,ME,2,70.1,43.8,63.9,24.4,9.0,9.28,Low,71.48,1,B
Rahul Tiwari,ECE20241512,ECE,2,49.7,30.5,52.3,44.9,1.4,8.38,High,41.9,1,D
Simran Jain,ECE20241513,ECE,2,100.0,26.1,50.4,76.0,21.8,6.99,None,58.02,1,C
Bhavna Bhatia,EE20241514,EE,4,100.0,50.0,38.3,47.7,25.2,7.83,None,78.58,1,B
Siddharth Bhatia,CE20241515,CE,6,84.2,15.3,52.5,40.4,26.5,4.61,High,57.6,1,C
Ritu Das,CE20241516,CE,1,57.4,23.8,15.4,80.4,15.5,7.6,High,52.84,1,C
Pankaj Jain,ME20241517,ME,7,71.1,13.2,45.8,29.6,19.0,4.39,None,44.2,1,D
Rashmi Jain,ME20241518,ME,4,69.1,39.4,55.2,51.4,25.0,5.54,Medium,52.91,1,C
Sneha Nair,CE20241519,CE,2,78.0,48.3,75.4,65.2,8.9,0.65,Medium,69.07,1,B
Suresh Mishra,EE20241520,EE,5,98.1,48.0,61.1,45.4,22.9,6.92,Medium,78.45,1,B
Rashmi Saxena,CE20241521,CE,3,87.8,42.7,79.5,75.2,16.2,5.04,Low,74.0,1,B
Rahul Bhatia,EE20241522,EE,7,52.6,25.6,91.7,45.5,21.3,8.2,High,64.63,1,C
Tanvi Chauhan,ME20241523,ME,4,96.8,23.6,85.3,89.0,15.5,6.9,None,74.0,1,B
Kavita Joshi,CSE20241524,CSE,8,77.6,7.9,72.4,55.2,24.4,8.22,Low,57.4,1,C
Rajat Bhatia,ME20241525,ME,4,84.4,50.0,62.3,72.8,15.8,4.25,Low,63.6,1,C
Aditya Mishra,ME20241526,ME,1,98.4,33.6,40.4,74.4,2.1,8.07,Low,77.81,1,B
Rajat Kumar,ECE20241527,ECE,1,52.0,22.1,78.3,44.2,25.6,9.99,High,70.21,1,B
Sneha Gupta,ECE20241528,ECE,4,71.4,43.9,99.0,12.8,6.4,7.58,Medium,61.05,1,C
Kavita Reddy,ECE20241529,ECE,2,62.4,16.3,69.5,65.9,24.0,7.62,None,56.64,1,C
Anjali Chauhan,ECE20241530,ECE,3,43.8,32.9,100.0,59.6,13.3,6.51,Low,61.56,1,C
Ankita Yadav,EE20241531,EE,7,78.2,25.9,28.4,70.2,23.4,5.26,Low,63.01,1,C
Simran Dubey,CE20241532,CE,1,100.0,35.7,36.6,53.0,23.1,7.57,High,60.62,1,C
Shruti Mehta,CSE20241533,CSE,7,38.9,27.2,80.8,48.5,17.4,3.49,Medium,49.36,1,D
Vikram Nair,ME20241534,ME,2,71.4,10.6,67.8,100.0,18.1,5.45,Medium,50.15,1,C
Gaurav Singh,EE20241535,EE,7,83.5,28.9,90.9,25.6,17.4,3.01,Medium,57.56,1,C
Priya Jain,CSE20241536,CSE,5,74.2,40.6,61.7,74.1,0.0,4.93,Medium,62.04,1,C
Ankita Verma,EE20241537,EE,1,70.0,27.6,42.9,45.4,14.9,7.36,Medium,57.71,1,C
Nisha Chopra,EE20241538,EE,2,48.6,37.3,57.3,50.6,5.1,7.11,Low,53.97,1,C
Varun Mishra,ME20241539,ME,2,76.2,15.5,28.3,51.0,15.4,6.29,High,47.41,1,D
Nisha Saxena,CE20241540,CE,3,58.4,27.7,37.2,40.3,4.9,6.51,Medium,52.74,1,C
Aarti Kumar,ECE20241541,ECE,3,32.6,20.5,83.4,70.6,4.5,2.81,Medium,48.98,1,D
Pankaj Reddy,CE20241542,CE,5,93.5,37.0,81.2,88.6,26.8,5.53,High,83.42,1,A
Divya Agarwal,ME20241543,ME,2,89.3,28.4,70.0,68.3,22.6,4.97,High,68.03,1,B
Megha Patel,ME20241544,ME,6,72.9,36.3,24.1,60.3,14.0,5.01,High,56.55,1,C
Pankaj Chopra,ME20241545,ME,2,76.1,41.1,54.1,36.3,15.5,7.28,High,66.53,1,B
Divya Chopra,CSE20241546,CSE,3,91.3,36.3,35.1,69.4,12.0,4.65,None,64.57,1,C
Manish Kapoor,CE20241547,CE,6,76.0,31.3,87.9,100.0,18.6,5.11,Low,60.97,1,C
Ankita Rajput,CE20241548,CE,1,88.3,16.0,49.2,49.6,8.6,2.44,Medium,49.76,1,D
Varun Saxena,EE20241549,EE,1,66.6,28.0,38.1,49.7,21.9,5.67,Low,56.52,1,C
Siddharth Joshi,EE20241550,EE,7,95.6,21.6,62.7,45.7,12.0,4.24,High,58.85,1,C
Rajat Dubey,EE20241551,EE,4,77.8,23.9,47.9,47.2,10.6,6.34,Medium,54.69,1,C
Amit Reddy,ME20241552,ME,3,75.5,23.5,94.6,0.0,14.2,4.49,Medium,39.99,0,F
Manish Verma,CE20241553,CE,4,49.1,16.2,45.8,66.9,9.3,6.39,High,47.54,1,D
Megha Kapoor,ME20241554,ME,6,77.2,4.5,31.2,39.4,16.6,5.94,Low,50.79,1,C
Vikram Saxena,CSE20241555,CSE,3,57.0,20.0,14.6,22.6,9.7,9.21,Medium,44.78,1,D
Karan Patel,EE20241556,EE,5,60.5,30.3,61.3,74.6,17.7,7.09,Medium,62.66,1,C
Mohit Mehta,ME20241557,ME,2,57.3,11.8,49.6,34.2,23.7,2.89,Low,40.77,1,D
Gaurav Iyer,ME20241558,ME,5,52.8,28.2,30.6,50.5,8.2,3.92,None,46.53,1,D
Gaurav Das,CSE20241559,CSE,6,100.0,50.0,88.2,90.3,13.0,6.3,High,90.77,1,A
Anjali Bhatia,ECE20241560,ECE,3,96.0,40.3,76.7,27.0,17.7,4.53,Medium,66.48,1,B
Nisha Das,CE20241561,CE,8,100.0,47.7,61.4,24.3,10.5,0.86,High,65.74,1,B
Megha Kumar,ECE20241562,ECE,6,50.0,32.7,92.0,63.9,17.7,8.63,Medium,76.99,1,B
Mohit Srivastava,EE20241563,EE,8,73.3,42.0,76.6,83.3,18.4,7.5,Low,81.03,1,A
Shruti Chauhan,ME20241564,ME,2,48.7,19.3,43.9,23.4,22.7,7.14,Low,58.07,1,C
Sneha Saxena,CSE20241565,CSE,1,59.5,20.3,39.1,67.0,9.2,5.11,Low,45.15,1,D
Vikram Thakur,CSE20241566,CSE,1,55.5,0.0,80.0,70.8,6.5,6.97,High,57.18,1,C
Anjali Srivastava,CE20241567,CE,6,94.3,42.2,70.7,12.7,11.5,4.93,None,58.79,1,C
Pooja Dubey,ECE20241568,ECE,4,64.9,46.5,65.7,75.6,6.3,6.57,High,73.62,1,B
Arjun Joshi,CE20241569,CE,3,91.2,21.4,43.4,77.3,18.5,4.54,High,65.14,1,B
Akash Pandey,ME20241570,ME,3,82.9,25.0,75.4,51.1,4.7,8.93,High,63.07,1,C
Sakshi Saxena,CE20241571,CE,1,100.0,19.0,45.4,85.6,32.7,3.37,Low,63.32,1,C
Simran Jain,CSE20241572,CSE,7,45.4,32.6,59.8,83.0,24.4,8.42,High,73.08,1,B
Megha Kumar,CSE20241573,CSE,5,94.7,41.5,93.8,60.3,14.1,6.27,Low,72.68,1,B
Bhavna Nair,EE20241574,EE,7,92.6,7.1,47.5,48.1,20.9,5.32,None,57.96,1,C
Aarti Tiwari,EE20241575,EE,2,54.5,32.9,27.4,36.6,0.9,6.5,Low,40.5,1,D
Siddharth Chopra,ME20241576,ME,5,90.1,24.7,38.8,57.2,34.2,7.52,High,77.3,1,B
Manish Srivastava,ECE20241577,ECE,5,78.1,29.4,83.9,70.5,9.3,8.66,None,73.8,1,B
Sneha Reddy,CE20241578,CE,6,67.9,33.5,67.6,50.9,13.0,6.76,Medium,62.55,1,C
Rashmi Iyer,ME20241579,ME,1,57.2,25.7,59.2,9.7,0.0,4.6,None,39.51,0,F
Preeti Agarwal,EE20241580,EE,7,59.1,26.8,50.8,85.9,17.9,6.3,Low,57.61,1,C
Divya Jain,CE20241581,CE,7,100.0,25.4,72.7,62.2,5.1,9.47,None,67.74,1,B
Ankita Gupta,EE20241582,EE,1,72.0,39.6,43.3,49.6,14.8,8.63,High,67.54,1,B
Bhavna Patel,CE20241583,CE,7,86.1,33.0,68.7,76.9,9.6,7.84,Medium,77.5,1,B
Bhavna Jain,ECE20241584,ECE,8,57.8,30.6,45.9,91.5,5.4,7.63,High,73.11,1,B
Aman Sharma,ME20241585,ME,1,58.0,12.7,42.3,0.0,7.6,7.46,Medium,39.88,0,F
Pankaj Agarwal,CE20241586,CE,6,91.5,23.5,48.0,67.6,15.8,8.29,High,62.55,1,C
Suresh Singh,CSE20241587,CSE,4,47.7,38.8,53.7,26.6,3.7,5.38,Medium,48.75,1,D
Rajat Kapoor,CSE20241588,CSE,5,64.5,28.5,60.9,69.0,8.0,3.76,Medium,54.86,1,C
Karan Thakur,CE20241589,CE,6,72.6,35.9,67.2,60.8,19.3,6.32,Medium,62.32,1,C
Priya Das,CE20241590,CE,3,74.0,49.2,0.0,72.0,34.8,4.73,Low,60.6,1,C
Neha Mehta,CE20241591,CE,2,68.8,40.5,44.2,47.0,17.8,4.3,High,72.08,1,B
Ankit Joshi,CSE20241592,CSE,4,79.1,29.1,53.4,16.8,6.7,4.9,Medium,52.94,1,C
Kunal Chopra,CSE20241593,CSE,3,84.5,21.9,95.1,48.1,11.1,10.0,High,65.94,1,B
Akash Das,CE20241594,CE,5,85.2,0.0,38.2,67.0,14.3,6.45,Medium,51.65,1,C
Preeti Iyer,EE20241595,EE,7,54.3,26.0,65.6,80.3,11.2,6.85,None,52.93,1,C
Suresh Tiwari,EE20241596,EE,1,66.9,24.1,94.9,32.2,21.2,4.0,Medium,51.81,1,C
Megha Gupta,ECE20241597,ECE,5,93.5,32.7,33.1,80.6,15.7,2.88,None,56.33,1,C
Deepak Khanna,ME20241598,ME,6,88.1,26.2,70.7,43.7,21.3,4.73,Medium,70.07,1,B
Simran Chopra,EE20241599,EE,2,47.3,24.2,44.4,66.0,11.5,8.79,Medium,54.42,1,C
Deepak Mishra,CSE20241600,CSE,6,78.3,6.6,50.9,46.8,24.6,6.8,High,40.76,1,D
Aditya Pillai,EE20241601,EE,4,36.4,16.7,44.3,62.0,12.7,7.28,None,51.72,1,C
Gaurav Rajput,ECE20241602,ECE,4,72.8,33.7,45.9,77.6,6.2,7.53,None,61.25,1,C
Siddharth Kapoor,ECE20241603,ECE,2,100.0,48.6,100.0,31.0,31.4,5.14,None,70.26,1,B
Aarti Iyer,ME20241604,ME,8,54.9,26.8,80.6,43.0,0.0,8.7,Low,54.89,1,C
Gaurav Pandey,EE20241605,EE,3,57.0,31.9,86.2,62.1,8.1,5.06,High,64.82,1,C
Ankita Bhatia,CSE20241606,CSE,3,85.8,39.4,72.8,100.0,9.0,8.73,High,83.15,1,A
Suresh Sharma,CSE20241607,CSE,4,44.2,18.3,26.7,39.0,34.1,7.0,Medium,57.36,1,C
Aditya Singh,CE20241608,CE,4,60.6,32.4,70.7,100.0,28.5,2.98,High,64.26,1,C
Kunal Pillai,CSE20241609,CSE,7,82.7,19.1,85.6,100.0,26.0,4.85,Low,68.44,1,B
Ritu Srivastava,ME20241610,ME,1,60.6,38.4,43.2,55.9,11.4,2.99,None,50.02,1,C
Shruti Iyer,ME20241611,ME,7,67.8,29.8,83.2,51.4,33.4,8.29,None,61.72,1,C
Ritu Dubey,CSE20241612,CSE,7,85.4,31.6,77.5,42.8,16.9,6.16,High,71.82,1,B
Ritu Chopra,CSE20241613,CSE,8,79.6,18.6,100.0,56.5,21.8,2.19,Medium,61.25,1,C
Vikram Saxena,CE20241614,CE,3,76.8,36.5,52.8,27.1,15.4,6.88,Medium,62.68,1,C
Vikram Khanna,CSE20241615,CSE,8,65.9,50.0,37.9,56.3,13.6,5.23,Low,66.19,1,B
Karan Kapoor,CE20241616,CE,8,78.7,15.9,54.0,90.9,12.0,3.53,Low,50.79,1,C
Divya Dubey,CE20241617,CE,2,69.8,23.9,93.6,44.6,12.3,9.22,High,61.52,1,C
Rajat Gupta,CSE20241618,CSE,3,80.2,30.8,21.8,52.7,18.9,6.39,None,57.11,1,C
Varun Das,ECE20241619,ECE,1,63.1,37.4,16.5,20.6,16.9,5.67,Medium,56.92,1,C
Harsh Verma,ECE20241620,ECE,6,68.7,21.3,64.0,66.2,13.7,5.48,Low,64.11,1,C
Akash Thakur,CE20241621,CE,4,54.2,0.0,52.3,63.8,26.1,3.48,None,43.98,1,D
Simran Saxena,CSE20241622,CSE,4,71.4,44.3,62.2,59.4,0.0,3.85,Medium,62.09,1,C
Ankita Jain,ECE20241623,ECE,1,57.4,37.1,82.8,53.2,18.1,8.51,Low,69.57,1,B
Preeti Thakur,CSE20241624,CSE,8,51.9,7.1,49.8,51.6,19.7,5.35,Medium,43.65,1,D
Ankit Kumar,CSE20241625,CSE,7,76.7,20.7,20.8,69.0,23.2,6.24,Medium,50.69,1,C
Shruti Verma,CSE20241626,CSE,2,75.8,46.8,100.0,57.4,13.5,2.52,Medium,70.95,1,B
Nisha Agarwal,EE20241627,EE,8,86.1,45.4,40.1,64.9,15.7,3.83,Medium,60.17,1,C
Gaurav Das,CSE20241628,CSE,4,64.2,39.3,38.7,62.7,21.9,7.3,Medium,65.0,1,B
Ishita Chopra,EE20241629,EE,5,79.3,25.9,86.3,82.7,25.9,6.88,Low,79.64,1,B
Sakshi Thakur,CE20241630,CE,7,81.9,29.0,53.5,72.9,11.6,9.36,Medium,72.39,1,B
Nisha Sharma,ECE20241631,ECE,4,80.0,26.4,60.6,62.2,16.1,8.62,Medium,61.46,1,C
Harsh Reddy,ECE20241632,ECE,5,57.1,41.5,72.6,91.4,27.4,5.78,None,71.93,1,B
Swati Khanna,ECE20241633,ECE,8,74.7,17.5,85.8,67.2,0.0,7.05,High,56.04,1,C
Vikram Malhotra,ECE20241634,ECE,1,78.6,18.3,54.7,86.7,8.5,5.63,Medium,57.84,1,C
Bhavna Nair,ECE20241635,ECE,1,72.1,40.1,95.4,71.4,25.7,9.9,High,88.97,1,A
Arjun Mishra,ECE20241636,ECE,7,34.4,27.5,15.0,17.5,22.7,8.27,High,49.85,1,D
Sneha Reddy,ECE20241637,ECE,4,74.9,44.5,78.7,86.7,18.2,6.51,Low,89.28,1,A
Aman Sharma,CE20241638,CE,3,100.0,19.9,43.5,61.0,10.4,6.56,Medium,65.53,1,B
Tushar Mehta,CSE20241639,CSE,5,65.5,27.3,92.2,56.9,6.9,8.8,Low,65.56,1,B
Ishita Nair,ME20241640,ME,2,58.9,16.9,65.1,64.2,9.3,7.24,Low,56.7,1,C
Divya Mehta,EE20241641,EE,4,78.7,28.1,47.2,50.4,26.4,9.01,High,66.53,1,B
Jyoti Kumar,ME20241642,ME,2,77.6,10.3,76.6,63.0,9.0,2.25,Medium,43.1,1,D
Ishita Sharma,ME20241643,ME,4,93.5,22.1,81.7,45.0,14.8,7.03,None,69.53,1,B
Bhavna Iyer,CSE20241644,CSE,3,49.4,10.8,76.1,86.0,8.0,5.27,Medium,56.04,1,C
Vikram Rajput,CSE20241645,CSE,3,85.2,36.3,39.3,55.5,20.7,9.36,High,70.42,1,B
Sneha Dubey,CSE20241646,CSE,7,82.6,36.6,51.4,49.6,9.7,8.98,Medium,68.73,1,B
Manish Khanna,ECE20241647,ECE,7,69.4,7.2,61.9,37.7,13.2,6.26,Medium,52.81,1,C
Kavita Agarwal,CE20241648,CE,3,78.1,44.0,61.1,63.9,0.5,8.96,Medium,75.67,1,B
Varun Yadav,ECE20241649,ECE,6,90.5,50.0,78.5,62.1,1.1,9.41,Low,71.76,1,B
Vikram Malhotra,CE20241650,CE,3,87.7,28.6,17.7,66.5,14.1,6.33,Low,59.21,1,C
Gaurav Verma,CE20241651,CE,1,51.4,20.3,69.4,35.4,3.4,10.0,Medium,52.66,1,C
Vikram Malhotra,ME20241652,ME,1,86.8,50.0,55.6,22.8,30.8,6.14,Low,77.1,1,B
Kavita Khanna,ME20241653,ME,6,70.8,12.2,43.6,71.8,0.0,5.81,Medium,52.94,1,C
Shruti Kumar,CE20241654,CE,8,73.3,28.2,45.7,90.7,7.6,7.76,Medium,70.85,1,B
Sneha Gupta,CE20241655,CE,5,73.3,30.2,57.3,35.4,14.1,5.56,Medium,51.44,1,C
Mohit Verma,ECE20241656,ECE,8,69.3,44.1,0.0,93.0,11.1,6.35,Low,58.74,1,C
Gaurav Malhotra,ECE20241657,ECE,2,93.5,32.3,46.6,64.2,5.2,8.74,None,71.45,1,B
Rashmi Pandey,ME20241658,ME,8,70.5,22.0,42.7,57.8,6.3,6.23,Low,48.64,1,D
Jyoti Saxena,CSE20241659,CSE,4,51.8,16.6,73.7,49.3,6.1,3.15,Medium,37.25,0,F
Sneha Mishra,CE20241660,CE,8,64.9,23.9,44.3,27.5,11.7,6.86,Low,52.08,1,C
Nikhil Bhatia,ECE20241661,ECE,4,75.2,15.9,57.3,79.7,29.6,4.95,Medium,57.13,1,C
Nikhil Jain,ME20241662,ME,6,94.1,28.6,95.9,40.9,14.6,7.76,None,77.88,1,B
Aarti Reddy,ECE20241663,ECE,1,82.9,21.2,83.9,40.8,23.5,7.45,Medium,65.92,1,B
Nisha Gupta,CE20241664,CE,7,56.7,10.1,81.8,79.8,18.1,8.85,Low,59.73,1,C
Rashmi Bhatia,CE20241665,CE,4,100.0,43.1,51.0,16.6,22.9,7.83,Medium,68.81,1,B
Rahul Srivastava,EE20241666,EE,1,76.8,22.0,73.9,24.5,0.0,8.16,Low,61.81,1,C
Neha Chopra,CSE20241667,CSE,5,95.0,12.8,56.9,57.6,11.6,5.0,Low,55.27,1,C
Akash Thakur,EE20241668,EE,2,69.3,26.0,57.7,64.5,24.5,7.65,High,63.75,1,C
Rohan Agarwal,ME20241669,ME,5,81.6,28.8,71.0,68.7,9.4,9.74,None,64.66,1,C
Harsh Pandey,ECE20241670,ECE,6,87.1,7.0,48.9,51.4,28.1,4.96,Medium,51.56,1,C
Gaurav Reddy,ME20241671,ME,8,93.9,32.0,94.8,100.0,25.9,9.44,High,82.75,1,A
Arjun Agarwal,CE20241672,CE,8,91.0,15.4,58.5,53.0,10.2,5.21,Medium,59.63,1,C
Rahul Das,EE20241673,EE,3,87.7,48.5,75.6,52.9,10.0,4.67,High,64.53,1,C
Karan Verma,EE20241674,EE,3,66.3,34.3,94.0,40.5,5.9,6.73,None,61.46,1,C
Sonal Malhotra,EE20241675,EE,3,61.7,23.2,84.7,60.7,9.0,7.49,Low,62.79,1,C
Nikhil Bhatia,ME20241676,ME,5,78.0,19.1,31.0,71.5,4.1,7.84,Low,55.52,1,C
Suresh Kumar,CE20241677,CE,4,88.8,26.7,71.8,84.5,17.4,4.47,None,62.02,1,C
Megha Gupta,ECE20241678,ECE,2,68.0,35.4,80.7,25.2,2.4,6.98,Low,62.06,1,C
Aman Nair,ECE20241679,ECE,3,91.2,27.7,81.6,52.6,18.8,4.97,Low,60.44,1,C
Aditya Chauhan,ME20241680,ME,6,98.1,25.4,37.5,67.8,19.0,3.52,Medium,59.53,1,C
Arjun Malhotra,EE20241681,EE,6,55.5,28.7,47.5,70.9,0.7,4.53,High,56.44,1,C
Tanvi Reddy,CSE20241682,CSE,3,56.9,20.8,83.9,58.1,26.4,4.85,None,59.27,1,C
Sakshi Tiwari,ME20241683,ME,8,69.5,23.9,45.2,69.9,18.1,7.14,Low,55.47,1,C
Karan Rajput,ME20241684,ME,3,77.5,3.0,55.4,40.2,20.0,8.27,Low,55.23,1,C
Komal Mehta,CE20241685,CE,2,62.6,39.7,96.7,92.3,7.9,3.55,Low,68.95,1,B
Gaurav Nair,ECE20241686,ECE,3,96.3,31.6,60.9,79.8,19.0,6.83,Medium,76.37,1,B
Shruti Khanna,ME20241687,ME,2,79.6,18.7,46.0,28.4,23.0,4.08,Low,56.45,1,C
Arjun Patel,ME20241688,ME,6,72.7,50.0,42.7,34.3,13.2,7.33,None,70.97,1,B
Rohan Srivastava,EE20241689,EE,3,46.2,29.0,69.3,35.0,30.0,5.08,Medium,61.61,1,C
Mohit Das,EE20241690,EE,5,48.3,15.6,32.7,72.9,14.4,4.31,High,47.33,1,D
Arjun Jain,CSE20241691,CSE,7,77.1,38.3,56.6,29.7,23.1,7.64,Medium,70.22,1,B
Tushar Jain,CE20241692,CE,5,33.6,32.8,69.3,50.7,16.3,5.14,Medium,55.47,1,C
Komal Nair,CSE20241693,CSE,6,90.2,32.7,90.6,68.0,18.7,5.63,None,65.25,1,B
Rajat Tiwari,EE20241694,EE,2,69.2,22.9,76.7,56.5,0.6,2.2,Low,50.73,1,C
Anjali Joshi,ECE20241695,ECE,5,100.0,33.4,46.3,63.7,17.0,7.9,Low,71.08,1,B
Siddharth Reddy,EE20241696,EE,2,100.0,24.9,87.9,34.6,8.1,7.68,Low,67.79,1,B
Ankita Jain,CE20241697,CE,5,68.7,34.7,55.4,71.1,7.2,6.21,High,63.54,1,C
Sonal Verma,EE20241698,EE,5,70.1,5.1,34.8,44.5,28.0,3.45,Medium,38.33,0,F
Rajat Pillai,CE20241699,CE,2,89.9,22.8,58.2,50.9,12.3,8.38,None,64.67,1,C
Akash Yadav,CE20241700,CE,4,100.0,48.7,93.6,63.2,6.0,5.0,Low,70.8,1,B
Arjun Singh,CE20241701,CE,5,42.5,18.8,65.6,60.3,11.1,5.38,Low,55.42,1,C
Divya Verma,CE20241702,CE,3,39.8,20.8,62.3,58.5,3.6,10.0,Medium,52.72,1,C
Harsh Jain,CE20241703,CE,7,60.8,22.6,98.0,41.5,25.5,4.93,Low,59.88,1,C
Kavita Dubey,ECE20241704,ECE,6,82.5,13.4,30.5,51.4,8.4,7.54,Low,52.19,1,C
Pooja Reddy,CSE20241705,CSE,4,80.9,1.5,33.7,58.0,18.2,7.21,Medium,50.5,1,C
Divya Dubey,ME20241706,ME,2,91.3,25.2,26.5,27.7,24.8,6.9,Low,49.0,1,D
Pankaj Chopra,CSE20241707,CSE,4,50.4,29.6,70.2,47.8,10.0,6.71,None,59.27,1,C
Suresh Yadav,CE20241708,CE,1,30.3,27.4,65.7,66.5,18.3,6.88,None,56.0,1,C
Deepak Chauhan,ECE20241709,ECE,1,87.4,26.3,95.9,29.9,5.8,6.69,Low,58.31,1,C
Ishita Joshi,EE20241710,EE,5,57.1,28.5,67.4,83.4,33.6,6.11,None,62.11,1,C
Mohit Dubey,ECE20241711,ECE,5,35.7,40.3,53.1,85.9,21.5,8.92,Low,65.72,1,B
Rashmi Patel,CE20241712,CE,3,74.6,25.7,62.0,30.6,12.5,3.84,Medium,45.55,1,D
Divya Dubey,ECE20241713,ECE,7,86.3,21.1,64.6,87.9,7.8,8.04,Medium,74.81,1,B
Siddharth Singh,ECE20241714,ECE,6,69.8,24.6,25.2,54.8,13.1,7.68,Medium,61.99,1,C
Ritu Chopra,CE20241715,CE,4,63.8,35.0,100.0,67.2,11.3,7.46,High,74.61,1,B
Deepak Patel,ECE20241716,ECE,1,69.1,44.9,73.4,47.1,29.6,8.21,Low,73.44,1,B
Arjun Verma,ME20241717,ME,5,65.3,20.5,66.6,78.3,4.2,6.03,High,57.15,1,C
Rajat Mehta,ME20241718,ME,8,47.7,29.2,75.5,66.9,15.1,2.84,Low,57.83,1,C
Divya Mishra,ECE20241719,ECE,8,59.1,32.1,77.6,40.1,13.9,6.07,Low,67.39,1,B
Aditya Tiwari,EE20241720,EE,6,81.4,16.1,58.9,32.4,13.1,4.42,Low,45.58,1,D
Rahul Jain,CE20241721,CE,4,77.8,28.2,48.1,25.9,13.1,4.88,None,45.77,1,D
Nikhil Chopra,ME20241722,ME,5,75.0,10.4,75.2,62.1,13.1,3.96,High,60.75,1,C
Amit Reddy,EE20241723,EE,5,54.1,6.8,70.5,70.6,21.0,5.34,None,39.71,0,F
Kavita Tiwari,ECE20241724,ECE,1,68.7,32.4,44.2,72.3,18.9,5.13,Low,55.29,1,C
Komal Yadav,EE20241725,EE,1,32.8,23.4,93.2,55.4,17.4,1.92,Low,47.05,1,D
Priya Mehta,CSE20241726,CSE,5,75.2,30.4,68.5,32.5,0.0,7.46,None,48.78,1,D
Aarti Das,ME20241727,ME,2,97.7,27.8,78.1,43.0,16.4,10.0,None,76.27,1,B
Siddharth Joshi,ECE20241728,ECE,5,45.5,16.3,92.6,83.4,0.8,7.29,None,59.07,1,C
Nisha Chauhan,CE20241729,CE,6,61.5,27.5,62.5,47.3,19.2,5.83,Low,53.69,1,C
Aditya Singh,ECE20241730,ECE,5,77.9,13.2,69.0,61.2,25.8,6.1,High,66.71,1,B
Gaurav Agarwal,CE20241731,CE,3,94.6,44.7,79.8,34.3,6.6,5.44,Low,75.94,1,B
Komal Tiwari,ECE20241732,ECE,7,63.9,11.7,46.1,65.4,11.9,6.36,None,47.3,1,D
Rohan Chopra,EE20241733,EE,3,59.5,25.7,63.2,47.9,9.2,6.13,Medium,52.16,1,C
Rahul Das,EE20241734,EE,3,36.6,15.5,64.8,81.0,23.9,4.69,High,64.25,1,C
Aman Pillai,EE20241735,EE,2,73.9,34.8,41.0,75.0,14.8,9.23,Low,71.23,1,B
Preeti Verma,CSE20241736,CSE,2,100.0,24.0,100.0,47.1,27.8,3.52,Low,68.08,1,B
Pankaj Mehta,CE20241737,CE,8,77.0,21.8,31.0,55.2,17.3,7.49,High,64.61,1,C
Komal Singh,EE20241738,EE,5,71.6,38.2,33.4,45.9,15.9,6.02,None,59.83,1,C
Pankaj Saxena,CSE20241739,CSE,3,77.8,28.4,90.9,26.8,14.5,9.62,Medium,64.44,1,C
Sonal Mishra,CE20241740,CE,2,71.8,34.2,77.7,39.1,20.5,6.81,Low,65.22,1,B
Kavita Iyer,ECE20241741,ECE,1,57.4,16.2,39.4,62.4,0.1,5.55,High,51.39,1,C
Aman Pandey,CSE20241742,CSE,5,86.8,11.1,75.4,65.2,14.7,5.75,High,49.34,1,D
Swati Malhotra,ME20241743,ME,6,76.1,29.3,94.3,61.3,13.4,6.27,High,67.52,1,B
Varun Sharma,CSE20241744,CSE,7,72.3,24.2,61.3,51.4,19.8,4.14,Low,62.04,1,C
Sonal Srivastava,CSE20241745,CSE,4,54.4,35.5,100.0,78.5,12.5,4.82,Low,63.7,1,C
Tushar Pandey,CE20241746,CE,5,95.5,27.0,24.1,59.4,5.7,2.99,Low,59.27,1,C
Aarti Srivastava,ECE20241747,ECE,4,84.0,30.5,77.3,73.5,14.1,4.54,High,75.08,1,B
Manish Reddy,ME20241748,ME,3,62.0,8.5,87.7,19.0,5.3,6.37,High,46.21,1,D
Shruti Iyer,EE20241749,EE,7,90.0,50.0,81.6,0.0,0.0,6.74,Low,63.01,1,C
Arjun Chauhan,EE20241750,EE,4,63.0,26.0,57.5,64.2,19.8,2.64,Medium,52.83,1,C
Kunal Singh,CSE20241751,CSE,3,57.9,36.4,55.6,26.7,18.6,5.95,None,69.02,1,B
Sneha Kumar,CE20241752,CE,1,58.3,18.0,71.8,53.3,17.7,7.21,Low,64.54,1,C
Rashmi Kapoor,CE20241753,CE,4,40.1,31.7,79.9,51.4,24.4,5.91,Medium,60.66,1,C
Divya Dubey,EE20241754,EE,7,80.5,12.4,75.3,92.9,8.7,5.06,Low,54.75,1,C
Ishita Verma,ME20241755,ME,8,39.0,33.4,84.9,66.8,2.6,5.46,Low,57.18,1,C
Vivek Khanna,ECE20241756,ECE,5,49.9,23.7,39.6,61.6,13.4,5.23,None,49.42,1,D
Ankita Joshi,ME20241757,ME,3,34.6,28.4,57.0,76.4,11.2,5.05,High,48.29,1,D
Rohan Reddy,ECE20241758,ECE,5,70.5,36.4,41.3,66.1,7.3,6.51,High,63.4,1,C
Swati Reddy,EE20241759,EE,7,69.3,13.2,53.5,47.9,13.4,10.0,High,63.63,1,C
Mohit Verma,ECE20241760,ECE,2,66.1,19.8,84.3,81.6,9.1,4.86,Medium,50.07,1,C
Tanvi Sharma,CE20241761,CE,3,53.2,33.5,64.4,33.6,0.0,5.63,Medium,56.17,1,C
Aarti Bhatia,CSE20241762,CSE,4,50.9,50.0,100.0,65.1,10.5,6.11,Low,79.11,1,B
Mohit Malhotra,CSE20241763,CSE,3,80.4,26.3,66.3,24.0,4.9,4.96,High,51.64,1,C
Varun Nair,EE20241764,EE,5,62.1,35.1,63.3,62.5,15.9,8.18,Medium,75.06,1,B
Vikram Bhatia,CE20241765,CE,1,77.7,26.7,64.3,62.2,8.8,1.93,Medium,51.01,1,C
Komal Reddy,ME20241766,ME,3,56.1,50.0,48.0,94.9,22.9,5.24,Medium,74.95,1,B
Jyoti Mehta,CE20241767,CE,4,75.3,7.0,60.7,23.6,26.8,7.67,High,50.88,1,C
Tanvi Thakur,CSE20241768,CSE,2,95.5,29.1,86.8,44.8,19.4,5.67,None,65.21,1,B
Neha Khanna,CSE20241769,CSE,8,82.6,8.5,64.5,76.1,1.6,4.72,Low,46.75,1,D
Anjali Thakur,CE20241770,CE,6,64.6,0.0,44.5,65.4,26.0,6.99,Medium,51.38,1,C
Varun Mishra,CE20241771,CE,1,76.6,31.6,41.6,62.0,26.6,7.83,High,72.3,1,B
Mohit Sharma,CSE20241772,CSE,8,67.7,29.7,52.1,37.0,14.2,6.58,Medium,56.35,1,C
Mohit Pillai,ME20241773,ME,2,72.1,24.6,63.6,45.0,24.6,4.76,Low,50.0,1,C
Aditya Iyer,EE20241774,EE,3,66.1,26.7,88.3,85.4,9.6,7.02,Low,68.07,1,B
Anjali Dubey,EE20241775,EE,5,69.0,50.0,32.5,56.9,0.0,5.48,Medium,64.04,1,C
Aditya Chopra,CE20241776,CE,7,75.8,24.9,55.0,66.3,7.9,7.54,Medium,59.51,1,C
Ishita Khanna,EE20241777,EE,5,54.1,34.1,65.2,55.5,27.8,8.87,Medium,77.07,1,B
Arjun Agarwal,CSE20241778,CSE,8,53.7,20.2,21.7,32.0,2.1,1.51,Low,24.37,0,F
Megha Srivastava,CSE20241779,CSE,4,47.0,31.5,43.7,78.5,14.0,6.4,High,48.49,1,D
Harsh Gupta,CE20241780,CE,5,43.2,25.1,47.0,69.1,14.3,3.08,Medium,44.65,1,D
Ritu Chopra,CE20241781,CE,1,50.1,23.1,44.5,100.0,9.9,10.0,Medium,65.77,1,B
Kavita Srivastava,CE20241782,CE,5,74.9,49.8,66.2,35.7,10.5,5.36,Low,61.05,1,C
Simran Bhatia,ME20241783,ME,4,55.9,42.1,58.5,76.1,14.6,7.54,Low,62.98,1,C
Nisha Khanna,EE20241784,EE,6,81.2,29.6,49.8,29.1,9.5,6.14,High,62.22,1,C
Arjun Patel,CE20241785,CE,3,72.6,0.3,71.4,61.5,2.6,4.75,None,44.69,1,D
Siddharth Joshi,ECE20241786,ECE,7,36.6,23.7,99.9,79.5,15.7,4.54,Medium,60.2,1,C
Pooja Rajput,ECE20241787,ECE,8,83.8,50.0,98.1,12.4,22.6,9.05,Low,81.97,1,A
Rahul Chauhan,CSE20241788,CSE,3,86.6,25.2,19.7,53.5,21.0,7.92,Medium,57.4,1,C
Jyoti Mehta,EE20241789,EE,5,54.1,41.2,74.7,45.6,7.5,9.7,Low,64.5,1,C
Harsh Mehta,CE20241790,CE,2,79.6,45.3,58.1,42.6,4.0,6.3,Low,68.67,1,B
Shruti Mishra,ECE20241791,ECE,3,56.6,30.6,65.4,66.5,11.7,6.72,High,55.69,1,C
Komal Srivastava,EE20241792,EE,6,73.8,17.9,53.2,82.7,26.5,5.72,Medium,50.09,1,C
Kavita Kapoor,CSE20241793,CSE,5,49.2,0.0,64.6,55.1,19.2,5.68,None,38.95,0,F
Shruti Thakur,ME20241794,ME,7,39.7,36.2,65.3,62.5,19.6,4.32,None,61.24,1,C
Komal Reddy,EE20241795,EE,4,65.1,18.2,49.3,60.5,21.1,6.35,High,57.67,1,C
Aarti Agarwal,EE20241796,EE,6,69.8,30.1,42.3,58.0,17.4,4.78,None,59.86,1,C
Pooja Khanna,ME20241797,ME,5,64.8,13.0,52.1,34.0,15.0,7.0,Medium,38.04,0,F
Priya Chopra,EE20241798,EE,6,50.7,24.8,67.2,82.4,19.3,6.51,Low,61.65,1,C
Aarti Kapoor,CSE20241799,CSE,3,64.8,28.4,75.2,64.5,9.6,6.72,High,66.86,1,B
Karan Singh,CSE20241800,CSE,7,76.8,31.2,80.8,66.7,2.7,9.22,Medium,62.34,1,C
Rahul Das,ME20241801,ME,4,71.2,14.6,51.1,40.3,19.8,6.13,Medium,55.21,1,C
Preeti Mehta,CE20241802,CE,5,75.3,42.4,68.2,47.9,23.9,7.56,None,70.43,1,B
Simran Iyer,ECE20241803,ECE,1,59.9,20.8,83.2,54.1,5.1,9.89,High,77.44,1,B
Nisha Kapoor,CE20241804,CE,8,93.1,7.9,87.6,24.2,20.6,8.55,Low,46.93,1,D
Kavita Patel,EE20241805,EE,4,50.8,26.7,60.7,20.9,27.4,8.28,High,64.87,1,C
Swati Bhatia,ECE20241806,ECE,1,80.8,28.4,57.1,44.8,14.0,5.65,Low,56.15,1,C
Swati Rajput,ME20241807,ME,6,93.3,29.9,66.2,69.5,7.5,6.61,Medium,59.17,1,C
Amit Das,ME20241808,ME,2,80.7,44.3,36.7,43.6,15.0,3.83,None,57.2,1,C
Preeti Bhatia,ECE20241809,ECE,4,68.4,25.2,57.7,35.6,9.6,7.1,Medium,56.21,1,C
Aditya Jain,CSE20241810,CSE,6,62.5,26.6,78.4,40.1,9.1,6.69,Low,61.57,1,C
Tanvi Verma,ECE20241811,ECE,1,90.6,14.8,76.1,48.0,17.5,6.24,Low,66.98,1,B
Nisha Singh,EE20241812,EE,3,46.4,37.8,56.1,50.2,1.2,8.05,None,63.61,1,C
Komal Pillai,CSE20241813,CSE,3,54.5,30.2,66.8,100.0,2.4,4.03,None,52.84,1,C
Rohan Mehta,ME20241814,ME,2,64.8,23.0,43.9,81.2,14.2,9.14,None,66.14,1,B
Jyoti Srivastava,ECE20241815,ECE,8,94.3,5.1,77.5,80.5,13.8,7.82,Low,62.75,1,C
Ritu Reddy,CE20241816,CE,4,78.8,45.3,60.3,83.7,16.7,6.07,High,73.02,1,B
Nisha Chopra,CE20241817,CE,4,54.6,13.3,55.9,36.0,29.0,5.93,Low,46.94,1,D
Rohan Saxena,EE20241818,EE,4,66.4,20.9,54.0,31.1,14.8,7.07,Medium,48.75,1,D
Komal Joshi,CE20241819,CE,8,60.9,32.3,60.6,33.6,18.8,8.94,None,60.76,1,C
Mohit Tiwari,ECE20241820,ECE,6,59.2,13.6,52.1,87.4,6.2,6.38,Medium,48.54,1,D
Rahul Saxena,ECE20241821,ECE,7,89.6,10.1,76.5,46.0,20.1,6.46,Low,51.42,1,C
Priya Joshi,CE20241822,CE,7,47.3,2.5,53.3,30.5,9.8,6.23,High,40.47,1,D
Divya Malhotra,ECE20241823,ECE,2,100.0,36.7,97.0,48.5,14.6,9.41,High,84.08,1,A
Arjun Agarwal,EE20241824,EE,4,86.9,21.5,94.2,52.8,13.1,5.54,Low,61.33,1,C
Akash Chopra,CSE20241825,CSE,6,91.6,50.0,42.4,63.9,22.3,6.15,Medium,82.4,1,A
Ankit Pandey,EE20241826,EE,3,63.7,16.1,63.5,63.5,3.5,8.83,None,52.66,1,C
Pankaj Nair,EE20241827,EE,1,69.3,16.9,47.7,39.8,0.0,6.46,Medium,45.11,1,D
Vikram Dubey,ECE20241828,ECE,6,46.2,21.2,54.8,73.1,12.3,8.25,None,57.78,1,C
Rohan Bhatia,CSE20241829,CSE,8,62.6,30.9,100.0,43.9,17.7,4.56,Low,60.66,1,C
Ritu Iyer,ECE20241830,ECE,7,80.9,22.4,55.2,54.6,15.2,5.83,Low,57.32,1,C
Aarti Kumar,ME20241831,ME,7,95.3,35.3,69.9,73.1,23.9,8.87,Medium,66.34,1,B
Manish Agarwal,ECE20241832,ECE,3,52.1,16.3,73.9,43.9,17.5,4.98,Low,48.67,1,D
Tanvi Dubey,ECE20241833,ECE,3,65.4,11.4,40.0,45.5,9.5,5.93,Medium,35.24,0,F
Deepak Chopra,ECE20241834,ECE,8,69.3,6.4,43.2,71.0,0.0,6.66,Medium,39.58,0,F
Deepak Agarwal,CSE20241835,CSE,1,46.9,1.3,35.5,39.1,12.1,4.42,None,24.2,0,F
Aditya Rajput,ECE20241836,ECE,3,82.6,21.8,42.5,49.5,22.2,5.46,Medium,51.25,1,C
Anjali Malhotra,CSE20241837,CSE,2,59.0,24.4,0.0,70.2,10.9,6.4,High,47.11,1,D
Kavita Dubey,CE20241838,CE,1,68.5,20.4,74.0,100.0,14.2,6.28,High,63.54,1,C
Simran Srivastava,ME20241839,ME,3,63.9,42.9,100.0,71.3,17.4,8.5,Medium,81.85,1,A
Neha Kapoor,CSE20241840,CSE,5,57.8,42.7,65.3,68.4,5.9,8.97,Medium,70.51,1,B
Mohit Agarwal,CE20241841,CE,6,71.9,24.0,30.8,69.7,19.0,4.66,Medium,45.19,1,D
Pankaj Nair,CSE20241842,CSE,3,68.1,6.5,47.9,34.4,27.1,6.4,None,46.01,1,D
Vivek Agarwal,CSE20241843,CSE,2,65.3,21.2,51.9,60.5,12.6,7.41,None,56.38,1,C
Tanvi Gupta,ME20241844,ME,4,58.9,20.8,39.6,57.3,5.0,8.93,None,49.72,1,D
Akash Reddy,EE20241845,EE,3,77.8,20.1,80.9,65.1,13.5,7.49,Low,62.32,1,C
Ritu Saxena,EE20241846,EE,7,100.0,19.6,79.8,60.6,0.0,6.72,Low,62.39,1,C
Vivek Mishra,CSE20241847,CSE,7,74.5,20.2,36.6,66.4,16.7,7.4,High,62.55,1,C
Ishita Yadav,ECE20241848,ECE,7,89.9,23.4,78.0,51.1,17.6,7.41,Low,57.19,1,C
Nikhil Iyer,CE20241849,CE,4,47.0,20.4,95.6,59.3,27.4,4.53,Medium,56.76,1,C
Shruti Das,ECE20241850,ECE,7,74.8,30.5,100.0,31.0,12.4,6.55,Medium,71.83,1,B
Simran Mehta,ECE20241851,ECE,5,52.2,32.3,100.0,51.0,17.3,8.83,Low,74.39,1,B
Pooja Srivastava,CSE20241852,CSE,3,45.4,17.1,42.2,88.6,7.1,5.83,None,52.02,1,C
Karan Malhotra,CSE20241853,CSE,8,58.7,43.3,100.0,65.0,11.1,6.43,Medium,74.74,1,B
Varun Rajput,CSE20241854,CSE,7,93.5,16.2,54.2,57.5,1.8,5.76,Medium,62.42,1,C
Akash Nair,CSE20241855,CSE,1,89.1,8.6,49.0,99.7,12.4,2.04,High,63.17,1,C
Gaurav Rajput,EE20241856,EE,8,76.4,32.6,69.2,28.1,11.6,6.24,Low,58.29,1,C
Mohit Dubey,CSE20241857,CSE,4,44.4,18.2,49.2,33.6,16.4,6.74,High,42.76,1,D
Pooja Srivastava,EE20241858,EE,5,68.5,31.9,70.8,95.7,9.0,5.28,Low,63.94,1,C
Tushar Pillai,EE20241859,EE,1,77.4,0.0,33.0,59.0,14.7,4.12,Medium,56.12,1,C
Pooja Mehta,CSE20241860,CSE,1,75.2,44.7,56.7,52.7,11.3,4.61,Medium,57.19,1,C
Vikram Srivastava,ME20241861,ME,1,38.8,36.1,90.3,31.6,11.3,7.58,None,55.94,1,C
Ishita Malhotra,CE20241862,CE,1,56.0,10.0,60.7,67.8,14.6,9.75,None,46.69,1,D
Neha Khanna,ECE20241863,ECE,8,70.8,10.3,65.1,70.0,14.3,8.69,None,56.81,1,C
Suresh Mehta,EE20241864,EE,8,81.7,48.1,72.5,33.9,20.1,3.78,Low,61.53,1,C
Deepak Kapoor,CE20241865,CE,3,32.5,19.2,87.8,54.9,13.0,7.74,Medium,53.32,1,C
Rajat Yadav,ME20241866,ME,7,69.1,18.0,25.6,50.6,11.2,5.01,None,34.81,0,F
Suresh Saxena,ECE20241867,ECE,6,74.6,0.8,74.9,63.6,12.6,5.15,Medium,51.56,1,C
Nisha Saxena,ECE20241868,ECE,3,87.3,23.8,56.1,33.4,8.3,5.37,Low,59.53,1,C
Jyoti Dubey,EE20241869,EE,3,84.5,25.3,65.7,85.5,11.1,7.47,Medium,65.79,1,B
Rajat Chauhan,CSE20241870,CSE,5,82.5,36.6,85.3,78.1,30.2,7.93,Medium,79.58,1,B
Rashmi Saxena,ME20241871,ME,5,57.6,11.2,35.7,50.0,6.7,6.02,Medium,41.36,1,D
Vikram Patel,EE20241872,EE,7,37.7,9.8,39.7,53.2,11.8,6.05,Medium,40.8,1,D
Siddharth Thakur,ME20241873,ME,6,64.9,33.4,19.4,55.0,10.9,7.04,Low,54.43,1,C
Akash Jain,CSE20241874,CSE,5,90.0,40.1,49.9,40.9,12.0,7.22,High,72.34,1,B
Aarti Tiwari,CSE20241875,CSE,7,97.1,9.1,91.3,48.2,11.4,8.32,None,66.39,1,B
Vivek Verma,EE20241876,EE,7,84.8,41.0,59.3,52.1,16.2,3.89,Low,60.48,1,C
Akash Srivastava,CSE20241877,CSE,8,79.7,28.5,32.5,93.5,0.3,6.24,None,56.98,1,C
Preeti Das,CE20241878,CE,2,78.8,41.1,51.3,78.8,22.3,4.28,Medium,73.83,1,B
Rajat Khanna,ECE20241879,ECE,8,62.0,27.2,29.3,78.6,19.1,6.11,Medium,50.52,1,C
Jyoti Bhatia,EE20241880,EE,6,69.7,0.0,37.2,66.1,4.1,5.79,Medium,30.79,0,F
Sneha Patel,ME20241881,ME,5,100.0,26.2,70.6,33.4,0.0,6.12,Low,59.51,1,C
Tushar Nair,CE20241882,CE,6,55.0,40.7,36.2,57.1,6.2,4.76,None,56.52,1,C
Bhavna Chauhan,EE20241883,EE,3,100.0,17.3,86.5,79.4,12.1,3.52,High,61.23,1,C
Ishita Jain,CSE20241884,CSE,3,66.2,23.3,60.4,30.3,34.6,2.43,Medium,49.4,1,D
Gaurav Nair,CSE20241885,CSE,6,95.9,25.9,63.9,72.0,18.3,5.96,Low,62.73,1,C
Swati Thakur,CSE20241886,CSE,2,46.7,0.0,55.9,100.0,0.0,5.42,Medium,38.02,0,F
Jyoti Reddy,CSE20241887,CSE,2,82.5,48.1,79.0,81.4,8.5,4.98,None,77.67,1,B
Rahul Rajput,ME20241888,ME,8,58.7,17.2,79.2,89.1,13.6,8.58,None,55.95,1,C
Rohan Nair,CE20241889,CE,6,46.5,34.1,69.4,62.8,16.0,4.65,Low,56.33,1,C
Divya Tiwari,ECE20241890,ECE,5,75.9,27.0,74.4,79.3,3.5,8.75,Low,61.71,1,C
Simran Verma,ME20241891,ME,8,90.2,43.1,57.3,42.2,12.9,9.12,Low,64.64,1,C
Siddharth Agarwal,ME20241892,ME,4,56.8,32.9,73.9,75.5,8.3,2.69,High,63.68,1,C
Simran Pillai,ECE20241893,ECE,2,45.0,25.2,54.6,72.4,5.2,6.37,Medium,50.41,1,C
Rahul Srivastava,ECE20241894,ECE,1,70.3,17.3,62.0,64.4,16.1,5.48,Low,55.36,1,C
Manish Nair,CSE20241895,CSE,8,70.4,37.6,56.0,87.0,20.2,0.96,Medium,54.78,1,C
Akash Mishra,ME20241896,ME,3,81.9,5.5,51.9,46.1,20.7,3.6,High,43.7,1,D
Anjali Pillai,EE20241897,EE,8,89.1,35.8,46.8,53.9,18.6,7.59,None,70.64,1,B
Vivek Thakur,ECE20241898,ECE,6,70.9,14.8,72.3,60.1,10.0,9.83,High,74.62,1,B
Gaurav Gupta,ECE20241899,ECE,1,100.0,43.0,90.8,35.3,19.7,7.82,Medium,68.69,1,B
Ishita Patel,CE20241900,CE,6,76.0,29.9,87.8,63.0,16.5,6.78,None,66.06,1,B
Nikhil Tiwari,EE20241901,EE,7,65.8,35.7,34.4,20.2,15.1,6.16,Low,54.78,1,C
Manish Dubey,EE20241902,EE,3,43.0,29.0,90.4,81.0,9.1,9.23,Low,62.35,1,C
Karan Pandey,ECE20241903,ECE,3,67.3,7.0,55.0,59.0,10.0,10.0,Medium,57.31,1,C
Swati Rajput,CSE20241904,CSE,2,65.9,17.7,75.2,46.5,14.6,5.14,Low,47.81,1,D
Rashmi Bhatia,CE20241905,CE,8,89.3,36.1,42.1,39.6,33.5,2.6,Medium,62.71,1,C
Pankaj Tiwari,EE20241906,EE,2,80.3,30.0,65.1,52.8,16.4,2.42,Medium,55.36,1,C
Vivek Malhotra,ECE20241907,ECE,1,50.8,42.2,68.9,73.1,9.1,8.58,Low,74.3,1,B
Mohit Nair,EE20241908,EE,8,75.1,32.8,29.3,70.1,7.3,6.12,High,56.95,1,C
Rashmi Pandey,CE20241909,CE,7,84.1,16.4,75.4,42.5,10.1,6.53,High,56.27,1,C
Ritu Thakur,CE20241910,CE,6,99.5,18.4,91.6,39.4,31.4,2.98,Low,66.3,1,B
Ankit Verma,ME20241911,ME,7,88.0,29.2,58.2,72.5,10.8,4.84,High,59.62,1,C
Deepak Mishra,ECE20241912,ECE,3,85.7,0.2,91.9,42.1,21.3,5.67,None,51.51,1,C
Rashmi Chopra,CE20241913,CE,1,73.1,48.1,57.8,59.3,11.0,6.57,None,59.73,1,C
Ishita Patel,ME20241914,ME,4,79.0,33.3,80.7,60.7,16.1,5.48,Low,60.97,1,C
Siddharth Tiwari,ME20241915,ME,1,94.5,42.7,13.2,64.9,20.3,4.33,Medium,66.95,1,B
Megha Rajput,EE20241916,EE,5,48.0,9.0,100.0,76.9,9.4,4.79,Medium,46.72,1,D
Jyoti Srivastava,EE20241917,EE,1,65.7,42.9,94.9,30.2,8.9,8.37,Low,65.91,1,B
Preeti Srivastava,ME20241918,ME,7,58.1,50.0,55.7,16.0,27.3,6.64,None,66.63,1,B
Arjun Yadav,EE20241919,EE,5,78.8,12.1,18.6,45.5,21.9,7.3,None,44.95,1,D
Deepak Joshi,CE20241920,CE,5,94.1,37.3,68.3,97.6,20.3,4.58,High,81.41,1,A
Swati Khanna,CSE20241921,CSE,8,61.3,28.0,30.2,100.0,20.3,0.88,High,56.26,1,C
Priya Das,CE20241922,CE,8,29.0,9.5,71.8,98.3,17.7,5.26,Medium,52.06,1,C
Sneha Srivastava,ME20241923,ME,5,64.6,33.9,71.1,53.8,30.1,4.64,Medium,70.79,1,B
Ritu Thakur,ME20241924,ME,4,88.4,38.0,41.3,18.8,14.4,6.83,Medium,62.64,1,C
Siddharth Thakur,CE20241925,CE,8,81.7,20.8,86.7,6.5,18.6,10.0,Low,68.56,1,B
Karan Gupta,EE20241926,EE,1,79.7,42.0,79.7,44.5,2.4,7.45,Low,72.4,1,B
Bhavna Verma,EE20241927,EE,7,67.0,8.0,83.5,53.6,7.4,10.0,Medium,53.7,1,C
Ishita Khanna,ME20241928,ME,1,49.0,10.1,62.2,86.6,4.4,7.22,Medium,57.07,1,C
Ritu Yadav,ECE20241929,ECE,4,81.3,29.6,30.9,77.1,24.2,5.07,None,62.23,1,C
Tanvi Khanna,EE20241930,EE,3,57.0,28.3,83.5,63.0,0.0,6.83,High,58.8,1,C
Aarti Joshi,CE20241931,CE,2,100.0,19.4,56.1,38.4,10.8,9.41,High,65.08,1,B
Varun Mishra,EE20241932,EE,7,82.3,37.7,31.4,36.9,0.0,9.49,Low,65.85,1,B
Ishita Reddy,CE20241933,CE,8,61.5,34.4,91.7,63.6,7.3,5.16,Medium,66.14,1,B
Karan Reddy,ME20241934,ME,7,61.0,38.3,100.0,73.3,10.1,6.66,High,81.97,1,A
Ritu Chauhan,EE20241935,EE,1,70.3,26.5,61.1,66.6,25.1,3.63,None,63.62,1,C
Rohan Joshi,CE20241936,CE,2,67.7,35.2,100.0,35.2,17.2,7.68,Medium,71.36,1,B
Rajat Nair,ME20241937,ME,6,92.1,22.7,64.0,72.3,7.3,9.0,Low,60.91,1,C
Divya Yadav,ECE20241938,ECE,6,75.4,50.0,53.6,67.4,22.5,6.27,Low,72.86,1,B
Rashmi Pillai,CE20241939,CE,8,58.8,18.2,48.1,34.4,14.1,5.0,High,47.62,1,D
Mohit Bhatia,ECE20241940,ECE,4,100.0,50.0,98.0,40.7,14.3,6.85,Low,83.64,1,A
Amit Verma,ECE20241941,ECE,6,72.9,28.4,44.8,73.1,4.4,6.95,None,61.18,1,C
Tushar Dubey,CSE20241942,CSE,7,85.8,11.5,78.2,52.8,6.1,6.35,None,54.46,1,C
Siddharth Joshi,EE20241943,EE,6,61.1,44.4,49.7,93.0,7.4,6.52,None,68.06,1,B
Ishita Kapoor,CE20241944,CE,3,78.5,29.5,51.9,69.0,14.4,5.89,Low,65.12,1,B
Kavita Nair,ECE20241945,ECE,3,77.6,38.2,84.7,47.3,14.6,7.99,Medium,67.26,1,B
Varun Saxena,CSE20241946,CSE,8,38.0,42.7,53.6,57.8,26.4,7.53,Low,72.53,1,B
Amit Patel,ME20241947,ME,3,100.0,32.1,53.1,59.4,17.1,4.43,Medium,55.11,1,C
Aman Thakur,CE20241948,CE,6,95.2,20.9,86.9,42.0,0.0,4.38,Medium,64.17,1,C
Simran Agarwal,ECE20241949,ECE,4,64.9,39.7,97.1,37.9,16.1,5.74,Low,65.99,1,B
Rajat Chauhan,EE20241950,EE,5,52.2,28.0,76.2,73.4,2.4,7.53,Medium,65.29,1,B
Priya Chauhan,CSE20241951,CSE,5,78.3,36.2,47.6,76.6,6.3,6.47,Medium,66.99,1,B
Kavita Jain,ECE20241952,ECE,8,73.6,2.2,50.8,71.3,7.5,5.04,Low,45.8,1,D
Siddharth Gupta,EE20241953,EE,2,78.4,33.4,63.8,91.3,8.7,6.67,Low,71.1,1,B
Kunal Sharma,ECE20241954,ECE,5,75.4,20.3,69.1,46.1,3.0,5.6,Medium,57.21,1,C
Ankita Srivastava,CE20241955,CE,5,81.1,47.8,40.3,94.8,15.6,7.78,High,77.31,1,B
Sonal Joshi,CE20241956,CE,3,98.1,35.5,77.9,38.2,2.7,6.8,Low,71.33,1,B
Rahul Pandey,CE20241957,CE,3,82.2,30.9,63.9,35.7,16.9,5.63,Low,54.58,1,C
Rashmi Verma,CSE20241958,CSE,6,53.1,33.8,24.3,19.3,31.9,6.62,Low,52.44,1,C
Megha Yadav,CE20241959,CE,8,96.5,16.0,41.6,48.2,3.4,8.57,None,58.65,1,C
Ankit Iyer,EE20241960,EE,2,100.0,47.5,50.9,46.9,11.7,5.17,Medium,75.58,1,B
Simran Dubey,ECE20241961,ECE,8,100.0,50.0,60.4,69.6,0.0,6.92,Low,77.68,1,B
Aditya Chopra,ME20241962,ME,1,51.8,32.7,100.0,63.4,11.6,6.07,None,61.26,1,C
Shruti Chopra,EE20241963,EE,7,76.4,47.1,67.2,31.8,19.1,6.97,Low,73.89,1,B
Rahul Chopra,EE20241964,EE,2,34.5,21.2,43.5,49.4,19.8,5.02,None,40.57,1,D
Anjali Tiwari,CE20241965,CE,2,82.0,18.4,66.9,49.8,14.6,6.4,Low,65.61,1,B
Karan Mehta,CSE20241966,CSE,4,62.1,28.5,54.3,18.9,21.1,8.19,None,54.79,1,C
Rajat Tiwari,ECE20241967,ECE,8,100.0,33.2,69.1,36.4,34.4,4.51,None,60.09,1,C
Varun Saxena,CSE20241968,CSE,6,58.1,23.3,74.8,41.0,27.7,3.81,High,50.31,1,C
Aditya Singh,ECE20241969,ECE,4,41.6,34.5,88.6,89.5,9.8,3.88,High,63.77,1,C
Rashmi Verma,ECE20241970,ECE,2,63.5,31.7,61.5,62.2,2.4,4.09,Low,55.04,1,C
Kavita Singh,CSE20241971,CSE,2,36.4,16.0,98.1,72.6,10.8,7.27,Medium,65.84,1,B
Priya Dubey,EE20241972,EE,2,85.5,34.2,82.0,25.0,6.4,3.67,Low,52.66,1,C
Vivek Chopra,ECE20241973,ECE,5,34.8,38.4,46.4,84.3,17.6,5.66,Low,59.35,1,C
Gaurav Iyer,CSE20241974,CSE,8,72.5,30.1,100.0,86.6,4.6,7.31,Low,64.86,1,C
Amit Das,ECE20241975,ECE,7,34.6,41.8,69.2,14.0,13.4,6.95,Low,52.11,1,C
Varun Reddy,ME20241976,ME,7,66.2,13.4,43.6,42.5,20.7,5.51,Medium,56.21,1,C
Vivek Patel,EE20241977,EE,4,100.0,33.6,98.4,68.9,13.2,6.54,None,69.32,1,B
Sonal Malhotra,CE20241978,CE,2,78.5,14.0,100.0,72.2,6.4,6.39,None,62.65,1,C
Mohit Nair,ECE20241979,ECE,7,56.5,14.6,61.3,43.1,23.4,5.8,Medium,52.27,1,C
Jyoti Reddy,ME20241980,ME,3,71.4,20.4,50.9,51.3,0.0,5.82,Medium,49.92,1,D
Swati Kumar,CE20241981,CE,8,72.3,16.7,58.2,44.9,11.4,10.0,Low,59.22,1,C
Pankaj Iyer,CE20241982,CE,7,80.5,21.4,77.7,60.4,13.7,7.66,Low,57.13,1,C
Suresh Dubey,ECE20241983,ECE,6,47.4,25.4,90.1,84.3,14.1,10.0,Low,75.65,1,B
Harsh Chauhan,CSE20241984,CSE,8,82.7,38.0,74.6,41.0,15.4,5.31,Low,74.82,1,B
Mohit Srivastava,ECE20241985,ECE,6,23.3,24.1,64.2,80.0,18.9,6.05,Low,52.88,1,C
Pooja Nair,ME20241986,ME,7,60.7,9.0,95.0,40.8,13.7,3.8,Low,58.75,1,C
Anjali Nair,CE20241987,CE,3,63.2,41.7,55.1,39.4,11.1,4.74,Medium,57.05,1,C
Tanvi Verma,ECE20241988,ECE,6,83.4,18.0,84.7,76.0,10.7,9.62,Medium,70.39,1,B
Nisha Dubey,CSE20241989,CSE,5,72.4,27.3,55.7,78.3,9.1,5.26,Medium,67.05,1,B
Nikhil Gupta,ECE20241990,ECE,7,46.7,33.4,71.5,76.7,20.3,9.65,Low,66.02,1,B
Sneha Tiwari,EE20241991,EE,5,54.3,30.4,59.5,29.1,8.8,3.96,Low,41.08,1,D
Neha Agarwal,CSE20241992,CSE,7,75.6,41.1,60.8,47.7,20.8,4.3,Low,56.04,1,C
Vikram Joshi,ME20241993,ME,1,70.6,33.7,53.7,76.1,14.2,5.59,Medium,74.18,1,B
Bhavna Mehta,CE20241994,CE,1,61.6,17.7,91.6,58.9,9.8,6.09,Low,53.18,1,C
Priya Das,ECE20241995,ECE,1,63.3,50.0,45.9,34.4,18.9,7.86,High,68.29,1,B
Kunal Gupta,CSE20241996,CSE,6,84.5,30.3,45.7,68.1,8.2,7.01,Medium,57.62,1,C
Vikram Iyer,EE20241997,EE,5,62.7,26.2,100.0,42.3,19.1,5.45,High,67.68,1,B
Ishita Agarwal,CSE20241998,CSE,5,70.4,39.6,83.5,97.5,15.7,5.96,Medium,71.49,1,B
Bhavna Joshi,EE20241999,EE,5,100.0,31.0,9.5,92.0,9.2,5.63,High,62.01,1,C
Anjali Rajput,ME20242000,ME,3,46.4,32.8,49.6,71.3,18.2,4.55,Medium,58.19,1,C
